Data,Hora,Temperatura,Orvalho,Max,Min,O_max,O_min,U_max,U_min,Umidade
20060725,0,19.82,15.32,20.32,19.36,15.7,14.96,78.88,73.78,76.42
20060725,100,19.82,15.32,20.32,19.36,15.7,14.96,78.88,73.78,76.42
20060725,200,19.82,15.32,20.32,19.36,15.7,14.96,78.88,73.78,76.42
20060725,300,19.82,15.32,20.32,19.36,15.7,14.96,78.88,73.78,76.42
20060725,400,19.82,15.32,20.32,19.36,15.7,14.96,78.88,73.78,76.42
20060725,500,19.82,15.32,20.32,19.36,15.7,14.96,78.88,73.78,76.42
20060725,600,19.82,15.32,20.32,19.36,15.7,14.96,78.88,73.78,76.42
20060725,700,19.82,15.32,20.32,19.36,15.7,14.96,78.88,73.78,76.42
20060725,800,19.82,15.32,20.32,19.36,15.7,14.96,78.88,73.78,76.42
20060725,900,19.82,15.32,20.32,19.36,15.7,14.96,78.88,73.78,76.42
20060725,1000,19.82,15.32,20.32,19.36,15.7,14.96,78.88,73.78,76.42
20060725,1100,19.82,15.32,20.32,19.36,15.7,14.96,78.88,73.78,76.42
20060725,1200,19.82,15.32,20.32,19.36,15.7,14.96,78.88,73.78,76.42
20060725,1300,19.82,15.32,20.32,19.36,15.7,14.96,78.88,73.78,76.42
20060725,1400,25.2,14.7,25.4,22.2,16.3,14.7,66.0,52.0,52.0
20060725,1500,26.1,14.9,26.1,25.2,15.5,14.0,54.0,48.0,50.0
20060725,1600,27.4,14.6,27.5,25.9,15.1,14.0,50.0,45.0,46.0
20060725,1700,27.4,14.7,27.5,26.3,14.9,13.8,48.0,45.0,46.0
20060725,1800,27.4,14.6,27.9,27.2,15.4,14.5,48.0,45.0,45.0
20060725,1900,27.3,14.8,27.6,27.2,15.1,14.5,47.0,45.0,46.0
20060725,2000,26.3,14.4,27.3,26.3,14.8,14.3,48.0,46.0,48.0
20060725,2100,25.1,14.2,26.3,25.1,14.5,13.9,51.0,48.0,51.0
20060725,2200,23.5,14.1,25.1,23.4,14.3,13.8,56.0,51.0,56.0
20060725,2300,22.5,13.6,23.5,22.5,14.1,13.4,58.0,53.0,57.0
20060726,0,21.6,14.1,22.5,21.6,14.1,13.1,62.0,56.0,62.0
20060726,100,19.7,13.9,21.6,19.7,14.2,13.7,69.0,62.0,69.0
20060726,200,20.4,13.5,20.5,19.6,14.2,13.5,70.0,64.0,64.0
20060726,300,19.2,13.4,20.4,19.2,13.8,13.2,69.0,64.0,69.0
20060726,400,17.9,13.1,19.2,17.9,13.7,13.0,74.0,69.0,73.0
20060726,500,17.5,13.1,18.3,17.5,13.4,12.9,75.0,72.0,75.0
20060726,600,16.4,13.3,17.5,16.4,13.4,12.9,82.0,75.0,82.0
20060726,700,16.3,13.7,16.9,16.3,13.7,13.3,85.0,80.0,85.0
20060726,800,16.0,13.6,16.6,16.0,13.7,13.5,86.0,83.0,86.0
20060726,900,15.8,13.6,16.1,15.7,13.8,13.5,87.0,85.0,87.0
20060726,1000,15.6,13.4,16.1,15.6,13.6,13.3,87.0,85.0,87.0
20060726,1100,17.1,13.7,17.2,15.6,14.1,13.4,87.0,78.0,81.0
20060726,1200,18.8,14.1,18.9,17.1,14.4,13.6,81.0,74.0,74.0
20060726,1300,22.1,14.8,22.1,18.8,14.8,13.9,75.0,62.0,63.0
20060726,1400,24.3,13.1,24.5,21.9,15.1,12.9,64.0,48.0,50.0
20060726,1500,25.0,14.0,25.0,24.3,14.1,12.8,52.0,48.0,50.0
20060726,1600,26.3,14.1,26.5,25.0,14.8,13.9,51.0,47.0,47.0
20060726,1700,26.8,14.4,26.8,25.9,14.6,13.8,48.0,45.0,47.0
20060726,1800,26.8,13.8,27.5,26.5,14.6,13.3,47.0,44.0,45.0
20060726,1900,26.8,13.9,27.1,26.7,14.3,13.7,46.0,44.0,45.0
20060726,2000,26.1,13.9,26.9,26.1,14.4,13.8,47.0,45.0,47.0
20060726,2100,24.0,13.7,26.1,24.0,14.0,13.6,53.0,47.0,52.0
20060726,2200,23.5,12.9,24.0,23.1,13.6,12.8,53.0,51.0,51.0
20060726,2300,22.5,12.3,23.5,22.3,12.9,12.2,54.0,51.0,53.0
20060727,0,21.5,11.9,22.5,21.3,12.4,11.8,55.0,53.0,54.0
20060727,100,21.4,12.0,21.5,20.7,12.6,11.5,60.0,53.0,55.0
20060727,200,20.9,11.8,21.4,20.6,12.2,11.5,58.0,54.0,56.0
20060727,300,18.3,12.8,21.1,18.3,12.8,11.4,70.0,54.0,70.0
20060727,400,18.4,12.3,18.7,18.2,12.8,12.2,70.0,67.0,67.0
20060727,500,17.5,12.3,18.4,17.2,12.5,12.0,74.0,67.0,72.0
20060727,600,16.8,12.0,17.5,16.7,12.8,12.0,76.0,72.0,73.0
20060727,700,16.2,12.3,17.0,16.2,12.4,12.0,78.0,73.0,78.0
20060727,800,15.9,12.5,16.3,15.9,12.9,12.4,80.0,78.0,80.0
20060727,900,14.9,12.4,15.9,14.9,12.6,12.4,85.0,80.0,85.0
20060727,1000,14.8,12.5,14.9,14.4,12.5,12.3,87.0,85.0,86.0
20060727,1100,16.9,13.0,16.9,14.8,13.2,12.4,86.0,76.0,78.0
20060727,1200,19.5,13.4,19.5,16.7,14.1,12.9,81.0,68.0,68.0
20060727,1300,21.9,13.6,22.0,19.5,13.9,13.0,68.0,59.0,59.0
20060727,1400,25.7,14.7,25.7,21.9,15.1,13.5,59.0,50.0,51.0
20060727,1500,26.7,14.2,27.0,25.7,15.4,13.1,52.0,43.0,46.0
20060727,1600,27.6,14.5,27.7,26.4,14.8,13.5,46.0,44.0,45.0
20060727,1700,27.4,14.1,28.2,27.0,14.8,13.9,46.0,43.0,44.0
20060727,1800,27.4,13.7,28.1,27.3,14.5,13.4,44.0,42.0,43.0
20060727,1900,27.3,14.2,27.5,27.0,14.5,13.7,45.0,43.0,45.0
20060727,2000,26.7,14.7,27.3,26.7,14.8,14.2,48.0,45.0,48.0
20060727,2100,24.7,14.7,26.7,24.7,14.8,14.6,54.0,48.0,54.0
20060727,2200,23.8,14.2,24.7,23.7,14.9,14.2,58.0,54.0,55.0
20060727,2300,22.6,14.7,23.8,22.6,14.7,14.1,61.0,55.0,61.0
20060728,0,21.6,14.8,22.6,21.6,15.0,14.5,65.0,61.0,65.0
20060728,100,20.9,14.6,21.6,20.9,14.8,14.4,67.0,64.0,67.0
20060728,200,19.9,14.5,20.9,19.9,14.6,14.4,71.0,67.0,71.0
20060728,300,19.3,14.4,20.0,19.3,14.6,14.3,73.0,70.0,73.0
20060728,400,19.0,14.4,19.4,18.9,14.7,14.3,76.0,73.0,75.0
20060728,500,19.1,14.2,19.2,18.8,14.5,14.1,76.0,73.0,73.0
20060728,600,19.2,15.6,19.3,18.5,15.6,14.2,80.0,73.0,80.0
20060728,700,18.1,17.3,19.2,18.1,17.3,15.6,95.0,80.0,95.0
20060728,800,17.9,17.5,18.2,17.9,17.5,17.3,98.0,95.0,98.0
20060728,900,17.8,16.6,18.2,17.8,17.5,16.2,98.0,89.0,93.0
20060728,1000,17.6,15.7,17.8,17.5,16.6,15.7,93.0,88.0,89.0
20060728,1100,18.2,16.2,18.3,17.6,16.2,15.5,89.0,86.0,88.0
20060728,1200,19.6,16.6,19.6,18.2,16.7,16.2,88.0,83.0,83.0
20060728,1300,23.3,17.1,23.3,19.6,17.6,16.3,83.0,68.0,68.0
20060728,1400,25.6,16.3,26.0,23.3,17.6,15.6,70.0,54.0,57.0
20060728,1500,26.8,17.0,27.1,25.6,17.0,15.8,57.0,53.0,55.0
20060728,1600,28.0,17.4,29.4,26.8,18.5,17.0,55.0,51.0,53.0
20060728,1700,28.2,17.6,28.6,27.7,18.0,17.3,54.0,52.0,53.0
20060728,1800,28.9,17.8,29.0,28.0,18.2,17.4,54.0,51.0,51.0
20060728,1900,28.1,17.3,28.9,27.9,17.9,17.2,53.0,51.0,52.0
20060728,2000,28.0,17.4,28.5,28.0,17.6,17.3,53.0,51.0,53.0
20060728,2100,26.1,17.4,28.0,26.1,17.5,17.2,59.0,53.0,59.0
20060728,2200,25.0,17.0,26.1,25.0,17.4,16.9,62.0,59.0,61.0
20060728,2300,24.7,16.5,25.2,24.7,17.0,16.5,61.0,59.0,61.0
20060729,0,24.4,16.4,24.8,24.3,16.5,16.4,62.0,60.0,61.0
20060729,100,24.0,16.3,24.4,24.0,16.4,16.3,62.0,61.0,62.0
20060729,200,24.6,16.4,24.8,24.0,16.5,16.3,62.0,60.0,60.0
20060729,300,24.0,16.7,24.7,24.0,16.7,16.4,64.0,60.0,64.0
20060729,400,21.4,17.8,24.0,21.4,17.9,16.7,80.0,64.0,80.0
20060729,500,19.1,18.7,21.4,19.1,18.7,17.8,97.0,80.0,97.0
20060729,600,18.0,15.32,19.1,17.7,15.7,14.96,78.88,73.78,76.42
20060729,700,17.9,15.32,18.2,17.8,15.7,14.96,78.88,73.78,76.42
20060729,800,18.4,15.32,18.5,17.8,15.7,14.96,78.88,73.78,76.42
20060729,900,18.5,15.32,18.6,18.3,15.7,14.96,78.88,73.78,76.42
20060729,1000,18.4,15.32,18.5,18.3,15.7,14.96,78.88,73.78,76.42
20060729,1100,18.5,18.5,18.6,18.3,15.7,14.96,100.0,100.0,100.0
20060729,1200,18.4,15.32,18.6,18.3,18.6,18.3,100.0,100.0,76.42
20060729,1300,17.6,15.32,18.4,17.6,15.7,14.96,78.88,73.78,76.42
20060729,1400,20.6,20.2,20.6,17.6,15.7,14.96,78.88,73.78,98.0
20060729,1500,18.5,15.32,20.9,18.5,20.5,19.3,100.0,94.0,76.42
20060729,1600,18.3,15.32,19.0,18.3,15.7,14.96,78.88,73.78,76.42
20060729,1700,17.6,15.32,18.3,17.6,15.7,14.96,78.88,73.78,76.42
20060729,1800,17.0,17.0,17.6,17.0,15.7,14.96,78.88,73.78,100.0
20060729,1900,15.8,15.32,17.0,15.8,15.7,14.96,78.88,73.78,76.42
20060729,2000,15.0,15.32,15.9,15.0,15.7,14.96,78.88,73.78,76.42
20060729,2100,14.5,15.32,15.0,14.3,15.7,14.96,78.88,73.78,76.42
20060729,2200,13.5,15.32,14.5,13.5,15.7,14.96,78.88,73.78,76.42
20060729,2300,13.1,15.32,13.6,13.1,15.7,14.96,78.88,73.78,76.42
20060730,0,13.2,15.32,13.3,13.1,15.7,14.96,78.88,73.78,76.42
20060730,100,13.2,15.32,13.3,13.1,15.7,14.96,78.88,73.78,76.42
20060730,200,12.7,15.32,13.2,12.7,15.7,14.96,78.88,73.78,76.42
20060730,300,12.6,15.32,12.9,12.6,15.7,14.96,78.88,73.78,76.42
20060730,400,12.4,15.32,12.6,12.4,15.7,14.96,78.88,73.78,76.42
20060730,500,12.3,15.32,12.6,12.3,15.7,14.96,78.88,73.78,76.42
20060730,600,11.9,15.32,12.3,11.9,15.7,14.96,78.88,73.78,76.42
20060730,700,11.7,15.32,11.9,11.6,15.7,14.96,78.88,73.78,76.42
20060730,800,11.7,15.32,11.8,11.7,15.7,14.96,78.88,73.78,76.42
20060730,900,11.5,15.32,11.7,11.5,15.7,14.96,78.88,73.78,76.42
20060730,1000,11.6,15.32,11.6,11.4,15.7,14.96,78.88,73.78,76.42
20060730,1100,11.7,15.32,11.7,11.6,15.7,14.96,78.88,73.78,76.42
20060730,1200,11.9,15.32,11.9,11.7,15.7,14.96,78.88,73.78,76.42
20060730,1300,12.1,15.32,12.3,11.9,15.7,14.96,78.88,73.78,76.42
20060730,1400,12.1,15.32,12.1,11.7,15.7,14.96,78.88,73.78,76.42
20060730,1500,12.9,12.9,12.9,12.0,15.7,14.96,78.88,73.78,100.0
20060730,1600,12.2,15.32,12.9,12.1,15.7,14.96,78.88,73.78,76.42
20060730,1700,11.9,15.32,12.3,11.9,15.7,14.96,78.88,73.78,76.42
20060730,1800,11.6,15.32,11.9,11.6,15.7,14.96,78.88,73.78,76.42
20060730,1900,11.2,15.32,11.6,11.2,15.7,14.96,78.88,73.78,76.42
20060730,2000,11.0,15.32,11.2,11.0,15.7,14.96,78.88,73.78,76.42
20060730,2100,10.8,15.32,11.0,10.8,15.7,14.96,78.88,73.78,76.42
20060730,2200,10.6,15.32,10.9,10.5,15.7,14.96,78.88,73.78,76.42
20060730,2300,10.7,15.32,10.7,10.6,15.7,14.96,78.88,73.78,76.42
20060731,0,10.8,15.32,10.8,10.6,15.7,14.96,78.88,73.78,76.42
20060731,100,10.8,15.32,10.9,10.7,15.7,14.96,78.88,73.78,76.42
20060731,200,10.7,15.32,10.9,10.7,15.7,14.96,78.88,73.78,76.42
20060731,300,10.9,15.32,10.9,10.7,15.7,14.96,78.88,73.78,76.42
20060731,400,11.0,15.32,11.0,10.9,15.7,14.96,78.88,73.78,76.42
20060731,500,10.7,15.32,11.0,10.7,15.7,14.96,78.88,73.78,76.42
20060731,600,10.8,15.32,10.8,10.6,15.7,14.96,78.88,73.78,76.42
20060731,700,10.8,15.32,10.8,10.7,15.7,14.96,78.88,73.78,76.42
20060731,800,10.9,15.32,10.9,10.8,15.7,14.96,78.88,73.78,76.42
20060731,900,10.7,15.32,10.9,10.7,15.7,14.96,78.88,73.78,76.42
20060731,1000,10.9,15.32,10.9,10.6,15.7,14.96,78.88,73.78,76.42
20060731,1100,11.1,15.32,11.1,10.9,15.7,14.96,78.88,73.78,76.42
20060731,1200,11.4,15.32,11.4,11.1,15.7,14.96,78.88,73.78,76.42
20060731,1300,11.7,15.32,11.8,11.4,15.7,14.96,78.88,73.78,76.42
20060731,1400,11.5,15.32,11.8,11.4,15.7,14.96,78.88,73.78,76.42
20060731,1500,11.9,15.32,12.0,11.5,15.7,14.96,78.88,73.78,76.42
20060731,1600,11.9,15.32,12.0,11.8,15.7,14.96,78.88,73.78,76.42
20060731,1700,12.0,12.0,15.9,11.9,15.7,14.96,78.88,73.78,100.0
20060731,1800,11.5,15.32,12.1,11.5,15.7,14.96,78.88,73.78,76.42
20060731,1900,11.3,15.32,11.5,11.3,15.7,14.96,78.88,73.78,76.42
20060731,2000,11.4,15.32,11.4,11.3,15.7,14.96,78.88,73.78,76.42
20060731,2100,11.5,15.32,11.5,11.4,15.7,14.96,78.88,73.78,76.42
20060731,2200,11.6,11.6,11.7,11.5,15.7,14.96,78.88,73.78,100.0
20060731,2300,11.6,15.32,11.7,11.6,15.7,14.96,78.88,73.78,76.42
20060801,0,11.5,15.32,11.6,11.5,15.7,14.96,78.88,73.78,76.42
20060801,100,11.8,15.32,11.8,11.5,15.7,14.96,78.88,73.78,76.42
20060801,200,11.9,15.32,12.0,11.8,15.7,14.96,78.88,73.78,76.42
20060801,300,11.9,15.32,12.0,11.9,15.7,14.96,78.88,73.78,76.42
20060801,400,12.0,15.32,12.0,11.9,15.7,14.96,78.88,73.78,76.42
20060801,500,12.0,15.32,12.1,11.9,15.7,14.96,78.88,73.78,76.42
20060801,600,12.0,15.32,12.0,11.9,15.7,14.96,78.88,73.78,76.42
20060801,700,12.2,15.32,12.2,12.0,15.7,14.96,78.88,73.78,76.42
20060801,800,12.3,15.32,12.3,12.2,15.7,14.96,78.88,73.78,76.42
20060801,900,12.4,15.32,12.4,12.3,15.7,14.96,78.88,73.78,76.42
20060801,1000,12.5,15.32,12.5,12.4,15.7,14.96,78.88,73.78,76.42
20060801,1100,13.0,15.32,13.0,12.5,15.7,14.96,78.88,73.78,76.42
20060801,1200,13.2,15.32,13.3,13.0,13.3,13.0,100.0,100.0,76.42
20060801,1300,13.7,13.7,13.7,13.2,13.7,13.2,100.0,100.0,100.0
20060801,1400,13.8,13.7,13.9,13.7,13.9,13.7,100.0,99.0,99.0
20060801,1500,14.4,14.0,14.5,13.8,14.1,13.7,100.0,96.0,97.0
20060801,1600,14.8,14.1,14.9,14.4,14.3,13.9,98.0,94.0,95.0
20060801,1700,14.9,14.3,15.1,14.7,14.5,14.1,97.0,95.0,96.0
20060801,1800,15.1,14.5,15.1,14.9,14.6,14.3,97.0,95.0,96.0
20060801,1900,14.9,14.4,15.2,14.9,14.5,14.4,97.0,95.0,97.0
20060801,2000,14.8,14.2,14.9,14.7,14.5,14.2,98.0,96.0,96.0
20060801,2100,14.4,14.2,14.8,14.4,14.3,14.1,98.0,96.0,98.0
20060801,2200,14.2,13.9,14.4,14.2,14.2,13.8,99.0,98.0,98.0
20060801,2300,14.1,13.8,14.2,14.0,13.9,13.7,99.0,98.0,98.0
20060802,0,14.0,13.9,14.1,14.0,14.0,13.8,100.0,98.0,100.0
20060802,100,13.8,13.8,14.0,13.8,14.0,13.8,100.0,100.0,100.0
20060802,200,13.9,13.9,13.9,13.8,13.9,13.8,100.0,100.0,100.0
20060802,300,13.9,13.9,13.9,13.8,13.9,13.8,100.0,100.0,100.0
20060802,400,13.8,13.8,13.9,13.8,13.9,13.8,100.0,100.0,100.0
20060802,500,13.7,15.32,13.8,13.7,13.8,13.7,100.0,100.0,76.42
20060802,600,13.4,15.32,13.7,13.4,15.7,14.96,78.88,73.78,76.42
20060802,700,13.4,15.32,13.4,13.3,15.7,14.96,78.88,73.78,76.42
20060802,800,13.4,15.32,13.5,13.4,15.7,14.96,78.88,73.78,76.42
20060802,900,13.5,15.32,13.5,13.4,15.7,14.96,78.88,73.78,76.42
20060802,1000,13.7,15.32,13.7,13.5,15.7,14.96,78.88,73.78,76.42
20060802,1100,13.9,15.32,14.1,13.7,15.7,14.96,78.88,73.78,76.42
20060802,1200,14.1,15.32,14.1,13.9,15.7,14.96,78.88,73.78,76.42
20060802,1300,14.1,15.32,14.3,14.1,15.7,14.96,78.88,73.78,76.42
20060802,1400,14.6,14.6,14.6,13.9,15.7,14.96,78.88,73.78,100.0
20060802,1500,14.9,14.7,15.0,14.5,14.9,14.5,100.0,98.0,99.0
20060802,1600,14.8,14.4,15.0,14.8,14.7,14.4,99.0,96.0,97.0
20060802,1700,15.2,14.3,15.4,14.7,14.7,14.3,98.0,94.0,94.0
20060802,1800,14.6,14.4,15.3,14.6,14.6,14.3,99.0,94.0,99.0
20060802,1900,14.8,14.4,14.8,14.3,14.6,14.3,100.0,97.0,98.0
20060802,2000,14.6,14.3,14.8,14.5,14.4,14.2,99.0,98.0,98.0
20060802,2100,14.2,14.0,14.6,14.2,14.3,14.0,100.0,97.0,99.0
20060802,2200,13.9,13.9,14.2,13.9,14.1,13.9,100.0,99.0,100.0
20060802,2300,13.8,13.7,13.9,13.8,13.9,13.7,100.0,99.0,99.0
20060803,0,13.7,13.6,13.8,13.7,13.7,13.6,100.0,99.0,100.0
20060803,100,13.7,13.7,13.7,13.7,13.7,13.6,100.0,99.0,100.0
20060803,200,13.6,13.6,13.7,13.6,13.7,13.6,100.0,100.0,100.0
20060803,300,13.5,13.5,13.6,13.5,13.6,13.5,100.0,100.0,100.0
20060803,400,13.6,13.6,13.6,13.5,13.6,13.5,100.0,100.0,100.0
20060803,500,13.6,13.6,13.6,13.5,13.6,13.5,100.0,100.0,100.0
20060803,600,13.5,13.5,13.6,13.5,13.6,13.5,100.0,100.0,100.0
20060803,700,13.5,13.5,13.5,13.4,13.5,13.4,100.0,100.0,100.0
20060803,800,13.4,13.4,13.5,13.4,13.5,13.4,100.0,100.0,100.0
20060803,900,13.5,13.5,13.5,13.4,13.5,13.4,100.0,100.0,100.0
20060803,1000,13.6,13.6,13.6,13.4,13.6,13.4,100.0,100.0,100.0
20060803,1100,14.0,14.0,14.0,13.6,14.0,13.6,100.0,100.0,100.0
20060803,1200,14.5,14.4,14.5,14.0,14.4,14.0,100.0,99.0,99.0
20060803,1300,15.3,14.6,15.5,14.4,14.8,14.3,100.0,94.0,95.0
20060803,1400,16.1,14.7,16.5,15.3,15.1,14.5,95.0,90.0,92.0
20060803,1500,17.6,15.0,17.6,16.1,15.3,14.6,92.0,84.0,85.0
20060803,1600,18.0,15.1,18.0,17.5,15.2,14.8,87.0,83.0,83.0
20060803,1700,18.3,15.3,18.3,17.6,15.4,14.9,85.0,83.0,83.0
20060803,1800,19.4,15.5,19.4,18.2,15.8,15.1,84.0,78.0,78.0
20060803,1900,18.9,15.1,19.8,18.9,15.8,15.1,80.0,76.0,79.0
20060803,2000,18.8,15.1,19.4,18.8,15.6,15.0,80.0,77.0,79.0
20060803,2100,17.3,15.8,18.8,17.3,16.0,15.0,91.0,79.0,91.0
20060803,2200,16.0,15.5,17.3,16.0,15.8,15.5,97.0,91.0,97.0
20060803,2300,15.6,15.5,16.0,15.6,15.5,15.4,99.0,97.0,99.0
20060804,0,15.4,15.3,15.7,15.3,15.5,15.3,100.0,99.0,100.0
20060804,100,14.9,14.9,15.4,14.9,15.4,14.9,100.0,100.0,100.0
20060804,200,15.0,14.7,15.2,14.9,15.1,14.6,100.0,97.0,98.0
20060804,300,14.6,14.6,15.0,14.6,14.9,14.5,100.0,97.0,100.0
20060804,400,14.3,14.3,14.6,14.2,14.6,14.3,100.0,100.0,100.0
20060804,500,14.0,14.0,14.3,13.9,15.7,14.96,78.88,73.78,100.0
20060804,600,13.5,15.32,14.0,13.5,15.7,14.96,78.88,73.78,76.42
20060804,700,13.8,15.32,13.8,13.5,15.7,14.96,78.88,73.78,76.42
20060804,800,13.8,15.32,14.0,13.8,15.7,14.96,78.88,73.78,76.42
20060804,900,13.5,15.32,13.9,13.5,15.7,14.96,78.88,73.78,76.42
20060804,1000,13.6,15.32,13.7,13.5,15.7,14.96,78.88,73.78,76.42
20060804,1100,15.2,14.7,15.3,13.6,14.7,13.8,100.0,95.0,97.0
20060804,1200,15.6,14.6,15.8,15.1,14.9,14.5,97.0,93.0,94.0
20060804,1300,18.2,15.0,18.2,15.6,15.4,14.7,95.0,82.0,82.0
20060804,1400,19.1,14.4,19.3,18.0,15.7,14.4,84.0,73.0,74.0
20060804,1500,21.8,14.8,21.9,19.1,15.5,14.3,77.0,64.0,64.0
20060804,1600,22.4,14.5,22.7,21.7,15.4,14.3,67.0,61.0,61.0
20060804,1700,23.0,14.2,23.2,22.0,14.8,14.0,63.0,57.0,57.0
20060804,1800,23.7,13.2,24.1,22.9,14.5,13.0,58.0,51.0,52.0
20060804,1900,23.5,13.9,23.9,23.2,14.0,13.3,55.0,52.0,55.0
20060804,2000,22.7,14.2,23.9,22.7,14.4,13.8,59.0,54.0,58.0
20060804,2100,21.6,13.8,22.7,21.6,14.2,13.7,62.0,57.0,61.0
20060804,2200,19.4,16.6,21.6,19.4,16.8,13.8,84.0,61.0,84.0
20060804,2300,18.5,16.6,19.4,18.5,16.6,16.5,89.0,84.0,89.0
20060805,0,17.4,16.4,18.5,17.4,16.7,16.4,94.0,89.0,94.0
20060805,100,16.8,16.2,17.4,16.8,16.4,16.2,97.0,94.0,96.0
20060805,200,16.5,16.0,16.8,16.5,16.2,16.0,97.0,96.0,97.0
20060805,300,16.0,15.7,16.6,16.0,16.1,15.7,98.0,97.0,98.0
20060805,400,15.5,15.5,16.0,15.5,15.7,15.5,100.0,98.0,100.0
20060805,500,15.1,15.1,15.6,15.1,15.6,15.1,100.0,100.0,100.0
20060805,600,14.5,14.5,15.1,14.5,15.1,14.5,100.0,100.0,100.0
20060805,700,14.1,15.32,14.6,14.1,15.7,14.96,78.88,73.78,76.42
20060805,800,13.7,15.32,14.1,13.7,15.7,14.96,78.88,73.78,76.42
20060805,900,13.6,15.32,13.7,13.5,15.7,14.96,78.88,73.78,76.42
20060805,1000,13.3,15.32,13.6,13.3,15.7,14.96,78.88,73.78,76.42
20060805,1100,13.0,15.32,13.3,12.9,15.7,14.96,78.88,73.78,76.42
20060805,1200,13.2,15.32,13.4,12.9,15.7,14.96,78.88,73.78,76.42
20060805,1300,16.5,15.9,16.5,13.2,15.7,14.96,78.88,73.78,96.0
20060805,1400,19.7,16.3,19.7,16.5,16.3,15.6,96.0,81.0,81.0
20060805,1500,22.3,16.9,22.3,19.3,17.2,16.0,84.0,70.0,72.0
20060805,1600,24.5,16.5,24.5,22.2,17.6,15.9,74.0,61.0,61.0
20060805,1700,24.7,16.5,25.3,24.5,17.0,16.2,63.0,58.0,60.0
20060805,1800,25.3,15.4,26.2,24.7,16.9,15.2,61.0,53.0,54.0
20060805,1900,25.7,14.8,25.7,24.6,15.6,14.5,55.0,51.0,51.0
20060805,2000,25.3,14.9,25.8,25.0,15.0,14.2,53.0,50.0,53.0
20060805,2100,23.2,15.2,25.3,23.2,15.4,14.2,61.0,51.0,61.0
20060805,2200,21.3,16.6,23.2,21.3,16.7,15.2,75.0,61.0,75.0
20060805,2300,20.1,16.2,21.3,20.1,16.7,16.2,78.0,75.0,78.0
20060806,0,19.2,15.7,20.1,19.2,16.1,15.7,80.0,77.0,80.0
20060806,100,18.3,15.6,19.2,18.3,16.0,15.6,84.0,80.0,84.0
20060806,200,17.8,15.6,18.4,17.8,15.7,15.6,87.0,84.0,87.0
20060806,300,17.3,15.2,17.9,17.3,15.6,15.2,88.0,86.0,88.0
20060806,400,17.0,15.1,17.8,17.0,15.3,15.1,89.0,85.0,89.0
20060806,500,16.7,15.3,17.0,16.7,15.4,15.0,91.0,88.0,91.0
20060806,600,16.4,14.9,16.7,16.3,15.3,14.9,92.0,91.0,91.0
20060806,700,15.6,14.7,16.4,15.6,14.9,14.7,95.0,91.0,94.0
20060806,800,15.0,14.4,15.9,15.0,14.8,14.4,97.0,93.0,96.0
20060806,900,14.7,14.3,15.1,14.7,14.4,14.3,98.0,96.0,98.0
20060806,1000,14.7,14.3,14.7,14.3,14.4,14.2,100.0,97.0,97.0
20060806,1100,16.3,14.9,16.5,14.7,14.9,14.2,97.0,90.0,92.0
20060806,1200,18.5,15.2,18.8,16.1,15.8,14.7,93.0,80.0,81.0
20060806,1300,21.2,15.5,21.2,18.5,15.8,14.9,82.0,69.0,70.0
20060806,1400,24.4,15.4,24.5,21.2,16.0,14.9,70.0,57.0,57.0
20060806,1500,26.9,14.7,26.9,24.2,15.9,14.5,59.0,47.0,47.0
20060806,1600,26.3,14.7,27.2,26.0,15.2,13.6,50.0,44.0,49.0
20060806,1700,27.8,14.9,28.1,26.3,15.5,14.6,49.0,44.0,46.0
20060806,1800,28.0,13.8,28.1,27.7,14.9,13.7,45.0,42.0,42.0
20060806,1900,27.9,13.6,28.6,27.7,14.8,13.6,44.0,41.0,41.0
20060806,2000,27.4,13.7,28.3,27.2,14.4,13.2,44.0,41.0,43.0
20060806,2100,24.8,13.8,27.4,24.8,14.1,13.4,51.0,43.0,51.0
20060806,2200,23.3,13.8,24.8,23.3,14.0,13.1,55.0,49.0,55.0
20060806,2300,21.9,14.4,23.4,21.9,14.5,13.4,63.0,54.0,62.0
20060807,0,21.1,14.3,22.0,21.1,14.6,14.1,66.0,62.0,65.0
20060807,100,20.1,14.2,21.1,20.1,14.4,14.2,69.0,65.0,69.0
20060807,200,19.7,14.0,20.1,19.5,14.3,14.0,72.0,69.0,70.0
20060807,300,18.9,14.3,19.8,18.9,14.4,14.0,75.0,70.0,74.0
20060807,400,18.4,14.3,18.9,18.4,14.6,14.3,78.0,74.0,77.0
20060807,500,17.5,14.0,18.6,17.5,14.3,13.5,80.0,74.0,80.0
20060807,600,16.7,14.1,17.5,16.7,14.3,13.9,85.0,80.0,85.0
20060807,700,16.0,14.2,16.7,16.0,14.3,14.1,89.0,84.0,89.0
20060807,800,15.4,13.7,16.1,15.3,14.3,13.7,92.0,89.0,89.0
20060807,900,15.2,13.3,15.5,15.1,13.7,13.3,89.0,88.0,88.0
20060807,1000,15.4,13.2,15.4,15.1,13.3,13.1,88.0,87.0,87.0
20060807,1100,17.0,13.5,17.0,15.4,13.6,13.2,87.0,80.0,80.0
20060807,1200,19.3,13.9,19.3,17.0,13.9,13.4,80.0,71.0,71.0
20060807,1300,22.1,14.4,22.1,19.3,14.7,13.7,71.0,61.0,62.0
20060807,1400,25.5,14.9,25.5,22.1,15.4,14.1,62.0,52.0,52.0
20060807,1500,27.5,15.3,27.5,25.5,15.6,14.5,53.0,46.0,47.0
20060807,1600,27.9,13.9,28.1,26.7,15.5,13.2,49.0,41.0,42.0
20060807,1700,28.5,14.6,28.5,27.5,14.6,13.3,44.0,41.0,43.0
20060807,1800,28.1,11.4,28.5,27.9,14.5,11.3,43.0,35.0,35.0
20060807,1900,27.7,12.8,28.2,27.5,12.8,11.3,40.0,35.0,40.0
20060807,2000,26.4,12.6,27.7,26.4,12.8,12.2,42.0,40.0,42.0
20060807,2100,25.1,12.5,26.4,25.1,12.6,12.4,46.0,42.0,46.0
20060807,2200,23.5,13.1,25.1,23.5,13.1,12.4,52.0,45.0,52.0
20060807,2300,22.4,13.4,23.5,22.4,13.4,13.1,57.0,52.0,57.0
20060808,0,21.9,14.2,22.4,21.6,14.2,13.4,61.0,57.0,61.0
20060808,100,21.0,13.8,21.9,21.0,14.3,13.7,64.0,61.0,64.0
20060808,200,20.1,13.9,21.0,20.1,13.9,13.6,68.0,63.0,68.0
20060808,300,19.2,13.9,20.1,19.2,14.0,13.8,72.0,68.0,72.0
20060808,400,18.2,13.9,19.2,18.2,14.0,13.9,76.0,72.0,76.0
20060808,500,17.7,13.4,18.2,17.7,13.8,13.4,76.0,75.0,76.0
20060808,600,16.9,13.3,17.7,16.9,13.5,13.2,79.0,76.0,79.0
20060808,700,16.2,12.9,16.9,16.2,13.3,12.9,81.0,79.0,80.0
20060808,800,16.1,12.6,16.4,16.1,12.9,12.6,81.0,78.0,80.0
20060808,900,15.5,12.5,16.1,15.5,12.6,12.5,83.0,80.0,82.0
20060808,1000,16.2,12.7,16.2,15.5,12.7,12.3,83.0,78.0,80.0
20060808,1100,18.0,13.0,18.0,16.0,13.3,12.6,81.0,73.0,73.0
20060808,1200,20.8,13.5,20.8,18.0,13.8,12.9,73.0,63.0,63.0
20060808,1300,23.7,14.3,23.7,20.6,14.6,13.2,64.0,56.0,56.0
20060808,1400,25.1,14.5,25.3,23.5,15.0,14.2,57.0,52.0,52.0
20060808,1500,25.3,14.6,25.6,24.9,15.2,14.3,54.0,50.0,51.0
20060808,1600,26.7,14.5,26.8,25.3,15.2,14.1,52.0,47.0,47.0
20060808,1700,27.3,13.0,27.6,26.3,14.8,12.9,49.0,41.0,41.0
20060808,1800,28.4,13.7,28.4,27.2,14.2,12.9,43.0,39.0,41.0
20060808,1900,27.9,12.7,28.6,27.6,13.8,12.5,42.0,38.0,39.0
20060808,2000,27.5,12.9,28.3,27.5,13.2,12.5,41.0,38.0,41.0
20060808,2100,25.7,12.8,27.5,25.7,12.9,12.6,45.0,41.0,45.0
20060808,2200,24.0,14.3,25.7,23.7,14.4,12.9,55.0,45.0,55.0
20060808,2300,22.7,14.4,24.0,22.7,14.9,14.3,60.0,55.0,59.0
20060809,0,21.8,14.0,22.8,21.8,14.3,13.8,62.0,58.0,62.0
20060809,100,20.9,13.8,21.8,20.7,14.3,13.8,66.0,62.0,64.0
20060809,200,21.1,11.7,21.3,20.4,14.0,11.7,64.0,55.0,55.0
20060809,300,21.2,10.4,21.2,20.8,11.9,10.4,56.0,50.0,50.0
20060809,400,19.8,10.1,21.3,19.8,10.4,10.1,54.0,49.0,54.0
20060809,500,19.1,9.7,19.9,18.9,10.1,9.6,55.0,53.0,54.0
20060809,600,18.1,10.3,19.1,18.1,10.4,9.8,60.0,54.0,60.0
20060809,700,18.9,9.4,19.2,17.9,10.3,9.4,61.0,53.0,54.0
20060809,800,18.2,9.3,18.9,18.2,9.5,9.3,56.0,54.0,56.0
20060809,900,19.0,8.4,19.0,17.7,9.4,8.4,58.0,50.0,50.0
20060809,1000,16.2,10.2,19.0,15.7,10.3,8.3,70.0,50.0,68.0
20060809,1100,20.3,9.8,20.3,16.2,10.3,9.3,68.0,51.0,51.0
20060809,1200,22.3,10.0,22.5,20.3,10.3,9.3,51.0,45.0,46.0
20060809,1300,23.6,10.5,23.8,22.3,10.6,9.8,46.0,43.0,44.0
20060809,1400,24.6,11.4,24.6,23.4,11.5,10.3,45.0,43.0,44.0
20060809,1500,25.2,10.9,25.6,24.6,11.7,10.6,44.0,40.0,41.0
20060809,1600,27.0,10.4,27.2,25.3,11.2,10.1,41.0,35.0,35.0
20060809,1700,26.2,11.1,27.3,26.2,11.4,10.3,39.0,35.0,39.0
20060809,1800,26.0,12.1,26.2,25.5,12.2,11.1,43.0,39.0,42.0
20060809,1900,25.8,11.2,26.2,25.7,12.0,11.0,42.0,40.0,40.0
20060809,2000,24.8,12.1,25.8,24.8,12.1,11.2,45.0,40.0,45.0
20060809,2100,23.6,12.0,24.8,23.6,12.1,11.8,48.0,45.0,48.0
20060809,2200,23.2,12.2,23.6,22.8,12.2,12.0,51.0,48.0,50.0
20060809,2300,22.8,12.0,23.2,22.4,12.3,11.9,52.0,50.0,51.0
20060810,0,22.3,12.0,22.9,22.2,12.2,11.9,53.0,50.0,52.0
20060810,100,19.9,12.7,22.3,19.9,12.8,12.0,63.0,52.0,63.0
20060810,200,19.9,12.4,20.0,19.7,12.7,12.4,64.0,61.0,62.0
20060810,300,20.5,11.8,20.8,19.9,12.5,11.8,62.0,57.0,57.0
20060810,400,20.4,11.6,20.8,20.1,12.0,11.5,58.0,55.0,57.0
20060810,500,19.9,11.3,20.4,19.8,11.6,11.3,59.0,57.0,58.0
20060810,600,20.8,11.2,20.9,19.9,11.4,11.1,58.0,54.0,54.0
20060810,700,20.7,11.2,21.1,20.7,11.3,11.2,54.0,53.0,54.0
20060810,800,20.3,11.3,20.8,20.2,11.3,11.1,56.0,54.0,56.0
20060810,900,21.3,11.8,21.4,20.3,11.8,11.3,56.0,55.0,55.0
20060810,1000,20.5,11.8,21.4,20.2,11.9,11.7,59.0,54.0,57.0
20060810,1100,21.5,12.3,21.5,20.5,12.5,11.8,58.0,55.0,56.0
20060810,1200,22.2,13.1,22.2,21.4,13.2,12.2,57.0,54.0,56.0
20060810,1300,24.2,13.3,24.2,22.2,13.7,12.8,57.0,50.0,50.0
20060810,1400,25.5,14.3,25.7,24.2,14.4,13.2,51.0,49.0,50.0
20060810,1500,26.3,14.6,26.9,25.1,15.3,14.0,51.0,48.0,49.0
20060810,1600,27.3,14.6,28.0,26.3,15.2,14.3,49.0,44.0,46.0
20060810,1700,28.2,15.1,28.5,27.2,15.5,14.7,47.0,44.0,45.0
20060810,1800,29.1,14.8,29.2,27.8,15.5,14.4,46.0,42.0,42.0
20060810,1900,28.2,14.7,29.2,27.9,14.8,14.2,44.0,41.0,44.0
20060810,2000,27.2,14.5,28.3,27.2,14.9,14.3,46.0,43.0,46.0
20060810,2100,26.2,14.8,27.2,26.2,14.9,14.4,50.0,46.0,50.0
20060810,2200,25.6,14.9,26.2,25.5,15.0,14.5,52.0,50.0,52.0
20060810,2300,24.0,14.9,25.6,23.7,15.6,14.9,60.0,52.0,57.0
20060811,0,22.5,15.9,24.1,22.5,15.9,14.9,66.0,57.0,66.0
20060811,100,21.7,15.4,22.5,21.7,15.9,15.4,67.0,66.0,67.0
20060811,200,20.8,14.4,21.7,20.8,15.8,14.4,69.0,63.0,67.0
20060811,300,18.7,15.9,20.8,18.7,16.0,14.2,84.0,67.0,84.0
20060811,400,18.0,15.7,18.7,18.0,15.9,15.6,86.0,84.0,86.0
20060811,500,17.6,15.5,18.0,17.6,15.7,15.1,88.0,84.0,88.0
20060811,600,17.1,15.6,17.6,17.1,15.6,15.3,91.0,87.0,91.0
20060811,700,17.0,15.6,17.1,17.0,15.7,15.6,92.0,91.0,91.0
20060811,800,16.7,15.4,17.0,16.7,15.7,15.4,93.0,91.0,92.0
20060811,900,16.5,15.3,16.7,16.4,15.4,15.1,93.0,91.0,92.0
20060811,1000,16.4,15.2,16.5,16.3,15.3,15.1,93.0,92.0,92.0
20060811,1100,18.3,15.4,18.3,16.4,16.0,15.2,92.0,83.0,83.0
20060811,1200,20.2,14.4,20.3,18.3,15.6,14.4,84.0,69.0,70.0
20060811,1300,22.0,14.5,22.1,20.1,15.0,14.3,70.0,62.0,63.0
20060811,1400,23.8,14.8,24.0,22.1,15.1,14.3,62.0,56.0,57.0
20060811,1500,25.5,15.5,25.8,23.5,15.8,14.4,59.0,53.0,54.0
20060811,1600,27.4,14.4,27.4,25.5,15.9,13.3,54.0,43.0,45.0
20060811,1700,27.7,14.5,28.1,27.2,15.1,14.2,47.0,43.0,44.0
20060811,1800,27.5,13.6,28.2,27.3,14.9,13.6,46.0,42.0,42.0
20060811,1900,26.8,13.8,27.5,26.7,13.9,13.0,45.0,42.0,45.0
20060811,2000,26.5,13.8,26.8,26.5,13.8,13.5,46.0,44.0,46.0
20060811,2100,24.9,17.1,26.5,24.9,17.1,13.8,62.0,46.0,62.0
20060811,2200,23.9,16.2,24.9,23.9,17.5,16.2,65.0,61.0,62.0
20060811,2300,22.5,16.8,23.9,22.4,17.1,16.1,71.0,62.0,70.0
20060812,0,20.2,17.4,22.5,20.2,17.6,16.1,84.0,68.0,84.0
20060812,100,20.1,16.9,20.2,19.8,17.4,16.9,86.0,82.0,82.0
20060812,200,19.8,16.0,20.2,19.8,16.9,15.9,83.0,77.0,79.0
20060812,300,19.4,15.8,19.8,19.4,16.2,15.8,81.0,79.0,80.0
20060812,400,19.1,15.2,19.6,19.1,15.8,15.2,80.0,77.0,78.0
20060812,500,18.6,14.8,19.2,18.6,15.2,14.8,79.0,78.0,78.0
20060812,600,18.0,14.6,18.6,18.0,14.8,14.6,80.0,78.0,80.0
20060812,700,17.4,14.5,18.0,17.3,14.6,14.5,83.0,80.0,83.0
20060812,800,17.2,14.5,17.4,17.2,14.5,14.4,84.0,83.0,84.0
20060812,900,16.6,14.4,17.2,16.6,14.5,14.4,87.0,84.0,87.0
20060812,1000,16.7,14.2,16.7,16.2,14.4,14.1,88.0,85.0,85.0
20060812,1100,18.9,14.5,18.9,16.6,14.5,14.1,86.0,75.0,76.0
20060812,1200,21.0,14.8,21.0,18.9,15.1,14.2,76.0,68.0,68.0
20060812,1300,23.6,15.1,23.9,21.0,15.5,14.7,69.0,57.0,59.0
20060812,1400,26.5,14.9,26.5,23.3,16.2,14.4,61.0,49.0,49.0
20060812,1500,25.9,14.3,27.1,25.9,15.6,13.9,50.0,46.0,49.0
20060812,1600,27.2,14.2,27.5,25.9,15.0,14.2,49.0,45.0,45.0
20060812,1700,28.2,14.5,28.2,27.1,15.3,14.1,48.0,42.0,43.0
20060812,1800,28.3,14.4,28.4,27.3,15.2,14.1,45.0,43.0,43.0
20060812,1900,28.0,14.1,28.4,27.7,14.4,13.7,44.0,41.0,43.0
20060812,2000,27.2,14.0,28.1,27.2,14.6,13.8,45.0,42.0,44.0
20060812,2100,25.7,13.4,27.3,25.7,14.1,13.3,47.0,43.0,47.0
20060812,2200,24.5,13.6,25.7,24.5,13.8,12.9,51.0,47.0,51.0
20060812,2300,23.0,13.7,24.5,23.0,14.0,13.6,56.0,51.0,56.0
20060813,0,22.1,13.7,23.0,21.8,13.8,13.4,60.0,56.0,59.0
20060813,100,21.6,14.0,22.1,21.1,14.0,13.7,63.0,59.0,62.0
20060813,200,20.4,14.5,21.6,20.3,14.5,14.0,69.0,62.0,69.0
20060813,300,20.2,14.7,20.5,20.2,14.8,14.5,71.0,69.0,71.0
20060813,400,19.4,14.6,20.2,19.2,14.8,14.3,75.0,71.0,74.0
20060813,500,19.2,14.4,19.7,19.1,14.7,14.3,75.0,72.0,74.0
20060813,600,18.3,14.4,19.2,18.3,14.5,14.3,78.0,74.0,78.0
20060813,700,17.7,14.2,18.3,17.7,14.4,14.2,80.0,78.0,80.0
20060813,800,17.4,14.0,17.7,17.4,14.2,13.9,81.0,79.0,81.0
20060813,900,16.9,13.9,17.4,16.8,14.0,13.8,83.0,80.0,83.0
20060813,1000,17.1,14.1,17.1,16.7,14.1,13.8,83.0,82.0,83.0
20060813,1100,17.9,14.3,18.0,17.1,14.4,14.0,83.0,79.0,80.0
20060813,1200,19.3,14.7,19.3,17.8,14.7,14.2,81.0,74.0,75.0
20060813,1300,21.8,14.5,22.0,19.3,15.4,14.5,75.0,63.0,64.0
20060813,1400,24.6,14.4,24.8,21.7,15.4,14.1,65.0,53.0,53.0
20060813,1500,25.8,15.4,25.8,24.2,15.4,14.3,55.0,53.0,53.0
20060813,1600,26.6,15.2,27.0,25.5,15.6,15.1,53.0,48.0,50.0
20060813,1700,28.2,15.1,28.2,26.6,15.3,14.5,50.0,45.0,45.0
20060813,1800,27.5,14.5,28.4,27.5,15.1,14.5,46.0,44.0,45.0
20060813,1900,27.3,14.8,28.3,27.1,15.3,14.4,46.0,44.0,46.0
20060813,2000,27.0,14.3,27.7,26.8,14.9,14.2,47.0,44.0,46.0
20060813,2100,25.7,14.4,27.0,25.7,14.4,14.0,50.0,45.0,50.0
20060813,2200,24.7,14.0,25.7,24.6,14.4,14.0,53.0,49.0,52.0
20060813,2300,23.1,14.2,24.7,23.1,14.4,13.7,57.0,51.0,57.0
20060814,0,22.8,13.8,23.1,22.6,14.3,13.6,59.0,56.0,57.0
20060814,100,22.1,13.9,23.3,22.0,14.4,13.1,61.0,53.0,60.0
20060814,200,20.1,13.9,22.1,20.1,14.5,13.5,68.0,59.0,67.0
20060814,300,19.8,13.7,20.1,19.6,13.9,13.5,68.0,66.0,68.0
20060814,400,19.2,13.6,19.8,19.2,13.8,13.5,70.0,68.0,70.0
20060814,500,19.4,13.4,19.4,19.0,13.7,13.3,71.0,68.0,68.0
20060814,600,18.7,13.2,19.4,18.7,13.4,13.2,70.0,68.0,70.0
20060814,700,18.1,13.2,18.9,18.0,13.2,13.0,74.0,69.0,73.0
20060814,800,17.2,13.5,18.1,17.2,13.5,13.1,79.0,73.0,79.0
20060814,900,17.0,13.6,17.3,17.0,13.7,13.5,81.0,79.0,80.0
20060814,1000,17.1,13.9,17.1,16.6,13.9,13.6,83.0,80.0,82.0
20060814,1100,18.5,14.6,19.4,17.1,14.6,13.9,82.0,73.0,78.0
20060814,1200,21.0,14.3,21.0,18.5,14.9,14.1,78.0,65.0,66.0
20060814,1300,24.5,14.9,24.5,21.0,15.1,14.1,66.0,55.0,55.0
20060814,1400,25.7,14.5,26.2,24.3,15.2,14.3,57.0,49.0,50.0
20060814,1500,26.6,14.9,27.5,25.6,15.8,14.5,51.0,47.0,49.0
20060814,1600,27.6,14.6,27.7,26.5,15.6,14.4,49.0,45.0,45.0
20060814,1700,27.8,14.4,28.4,27.4,14.7,13.7,45.0,42.0,44.0
20060814,1800,28.2,14.3,28.4,27.7,14.4,13.8,44.0,42.0,43.0
20060814,1900,27.9,14.2,28.3,27.6,14.5,13.8,43.0,42.0,43.0
20060814,2000,27.6,14.1,27.9,27.6,14.4,13.8,44.0,42.0,44.0
20060814,2100,26.4,14.1,27.6,26.4,14.2,13.9,47.0,44.0,47.0
20060814,2200,24.9,13.9,26.4,24.9,14.1,13.9,51.0,47.0,50.0
20060814,2300,24.1,13.9,25.0,24.1,14.0,13.6,53.0,50.0,53.0
20060815,0,22.5,14.2,24.1,22.5,14.2,13.7,59.0,53.0,59.0
20060815,100,21.8,14.0,22.6,21.6,14.3,13.9,62.0,59.0,61.0
20060815,200,21.3,14.1,21.8,21.1,14.2,13.8,64.0,61.0,64.0
20060815,300,20.8,14.0,21.4,20.8,14.3,13.6,65.0,61.0,65.0
20060815,400,20.5,14.1,21.3,20.5,14.2,13.0,67.0,60.0,67.0
20060815,500,20.9,13.7,21.3,19.8,14.1,13.0,69.0,60.0,63.0
20060815,600,19.5,13.8,20.9,19.5,14.1,12.9,70.0,63.0,70.0
20060815,700,19.0,13.5,19.5,18.8,13.8,13.5,72.0,69.0,70.0
20060815,800,18.5,13.4,19.0,18.3,13.7,13.3,73.0,71.0,72.0
20060815,900,18.8,13.3,18.9,18.3,13.6,13.3,74.0,71.0,71.0
20060815,1000,18.2,13.7,18.8,18.0,13.8,13.3,75.0,71.0,75.0
20060815,1100,20.2,14.0,20.2,18.2,14.2,13.7,75.0,67.0,67.0
20060815,1200,22.4,14.7,22.4,20.1,14.7,13.8,68.0,62.0,62.0
20060815,1300,26.9,15.0,26.9,22.4,15.5,14.5,62.0,48.0,48.0
20060815,1400,27.1,15.0,27.4,26.2,15.4,14.2,49.0,47.0,48.0
20060815,1500,28.4,15.3,28.8,27.1,15.9,15.1,48.0,44.0,45.0
20060815,1600,29.3,15.4,29.6,28.3,15.8,14.7,46.0,40.0,43.0
20060815,1700,29.4,14.6,30.1,29.2,15.7,14.3,43.0,39.0,40.0
20060815,1800,19.82,15.32,20.32,19.36,15.7,14.96,78.88,73.78,76.42
20060815,1900,19.82,15.32,20.32,19.36,15.7,14.96,78.88,73.78,76.42
20060815,2000,19.82,15.32,20.32,19.36,15.7,14.96,78.88,73.78,76.42
20060815,2100,26.6,14.3,28.5,26.6,14.6,14.2,48.0,42.0,47.0
20060815,2200,25.8,15.6,26.7,25.8,15.6,14.3,53.0,47.0,53.0
20060815,2300,24.6,16.1,25.8,24.6,16.1,15.6,59.0,53.0,59.0
20060816,0,22.3,15.9,24.5,22.3,16.3,15.9,67.0,59.0,67.0
20060816,100,21.6,16.3,22.4,21.6,16.3,15.9,72.0,67.0,72.0
20060816,200,19.1,18.0,21.6,19.1,18.0,16.4,94.0,72.0,93.0
20060816,300,18.8,17.8,19.1,18.8,18.0,17.7,94.0,93.0,94.0
20060816,400,18.9,17.7,18.9,18.8,17.8,17.7,94.0,93.0,93.0
20060816,500,18.7,17.4,19.0,18.7,17.7,17.4,93.0,92.0,92.0
20060816,600,18.7,17.3,18.8,18.6,17.4,17.1,92.0,90.0,92.0
20060816,700,18.4,17.1,18.7,18.4,17.3,17.1,92.0,91.0,92.0
20060816,800,18.1,16.7,18.4,18.1,17.1,16.7,93.0,91.0,91.0
20060816,900,17.7,16.6,18.1,17.7,16.7,16.6,93.0,91.0,93.0
20060816,1000,17.7,16.8,17.7,17.5,16.8,16.6,95.0,93.0,95.0
20060816,1100,19.2,17.2,19.3,17.7,17.3,16.8,95.0,88.0,88.0
20060816,1200,21.0,16.9,21.0,19.2,17.3,16.8,89.0,77.0,77.0
20060816,1300,23.5,17.1,23.5,21.0,17.5,16.9,78.0,67.0,67.0
20060816,1400,26.8,14.7,27.2,23.6,17.5,14.7,67.0,47.0,47.0
20060816,1500,28.1,15.3,28.3,26.7,15.7,14.7,48.0,45.0,46.0
20060816,1600,29.1,14.3,29.3,28.0,15.9,14.3,46.0,40.0,40.0
20060816,1700,30.4,14.8,30.5,29.0,15.0,14.3,41.0,38.0,39.0
20060816,1800,30.2,14.7,30.7,29.7,15.1,14.2,40.0,38.0,39.0
20060816,1900,30.3,14.7,30.6,30.0,15.1,14.4,40.0,38.0,39.0
20060816,2000,29.7,14.6,30.3,29.7,14.8,14.3,40.0,38.0,40.0
20060816,2100,27.9,14.6,29.7,27.9,14.7,14.5,44.0,40.0,44.0
20060816,2200,22.0,19.0,27.9,22.0,19.1,14.5,83.0,44.0,83.0
20060816,2300,20.5,18.9,22.0,20.5,19.0,18.9,90.0,83.0,90.0
20060817,0,19.8,18.7,20.6,19.8,18.9,18.7,93.0,90.0,93.0
20060817,100,20.6,18.7,20.7,19.8,18.8,18.7,94.0,89.0,89.0
20060817,200,20.5,18.8,20.6,20.4,18.8,18.7,90.0,89.0,90.0
20060817,300,18.5,18.4,20.5,18.5,18.8,18.4,99.0,90.0,99.0
20060817,400,18.4,18.0,18.5,18.4,18.4,18.0,99.0,97.0,97.0
20060817,500,18.4,17.9,18.7,18.4,18.0,17.9,97.0,95.0,97.0
20060817,600,18.3,17.9,18.5,18.3,18.0,17.9,98.0,97.0,97.0
20060817,700,18.2,17.7,18.3,18.2,17.9,17.7,98.0,97.0,97.0
20060817,800,18.1,17.6,18.2,18.0,17.7,17.6,98.0,97.0,97.0
20060817,900,17.9,17.5,18.1,17.9,17.6,17.5,98.0,97.0,97.0
20060817,1000,18.2,17.7,18.2,17.8,17.7,17.4,98.0,97.0,97.0
20060817,1100,20.3,17.9,20.3,18.2,18.0,17.6,97.0,86.0,86.0
20060817,1200,21.2,17.9,21.4,20.2,18.2,17.5,86.0,79.0,82.0
20060817,1300,20.5,18.1,21.2,20.3,18.2,17.9,87.0,82.0,86.0
20060817,1400,22.4,18.2,22.4,20.2,18.3,17.9,88.0,77.0,77.0
20060817,1500,22.7,18.2,23.3,22.3,18.5,18.0,78.0,73.0,76.0
20060817,1600,22.7,18.4,23.3,21.8,18.6,17.8,80.0,75.0,77.0
20060817,1700,20.4,17.8,22.7,20.4,18.3,17.8,85.0,75.0,85.0
20060817,1800,19.0,17.2,20.4,19.0,17.8,17.2,89.0,84.0,89.0
20060817,1900,17.8,16.5,19.0,17.8,17.2,16.5,92.0,88.0,92.0
20060817,2000,17.7,16.3,17.9,17.6,16.5,16.3,92.0,91.0,92.0
20060817,2100,17.2,16.5,17.7,17.1,16.5,16.3,96.0,92.0,95.0
20060817,2200,16.9,16.3,17.3,16.7,16.6,16.3,99.0,95.0,96.0
20060817,2300,17.3,16.0,17.3,16.9,16.4,15.9,97.0,92.0,92.0
20060818,0,17.4,16.1,17.4,17.2,16.1,15.9,92.0,92.0,92.0
20060818,100,17.2,16.4,17.4,17.0,16.4,16.1,96.0,92.0,96.0
20060818,200,17.1,16.5,17.2,17.0,16.5,16.3,96.0,95.0,96.0
20060818,300,17.2,16.5,17.2,17.1,16.5,16.4,96.0,95.0,96.0
20060818,400,17.2,16.8,17.3,17.2,16.8,16.5,97.0,96.0,97.0
20060818,500,17.2,16.9,17.2,17.0,16.9,16.8,99.0,97.0,98.0
20060818,600,16.7,16.7,17.2,16.7,16.9,16.7,100.0,98.0,100.0
20060818,700,16.9,16.9,16.9,16.7,16.9,16.7,100.0,100.0,100.0
20060818,800,16.7,16.7,16.9,16.7,16.9,16.7,100.0,100.0,100.0
20060818,900,17.0,17.0,17.0,16.7,17.0,16.7,100.0,100.0,100.0
20060818,1000,17.2,17.1,17.2,16.9,17.2,16.9,100.0,99.0,99.0
20060818,1100,17.7,17.2,17.7,17.2,17.2,17.1,99.0,97.0,97.0
20060818,1200,18.3,17.3,18.6,17.7,17.5,17.2,97.0,93.0,94.0
20060818,1300,19.3,17.5,19.3,18.3,17.6,17.3,94.0,89.0,89.0
20060818,1400,20.5,17.9,20.5,19.3,18.0,17.5,90.0,85.0,85.0
20060818,1500,22.4,18.3,22.4,20.4,18.5,17.8,86.0,77.0,78.0
20060818,1600,23.2,18.3,23.7,22.3,18.7,17.9,79.0,72.0,74.0
20060818,1700,24.5,19.0,24.5,23.2,19.2,18.0,74.0,69.0,71.0
20060818,1800,20.7,18.4,24.5,20.7,19.2,18.4,87.0,70.0,87.0
20060818,1900,19.3,18.1,20.7,19.3,18.5,18.1,93.0,87.0,93.0
20060818,2000,18.7,17.9,19.3,18.7,18.1,17.8,95.0,93.0,95.0
20060818,2100,18.0,17.7,18.7,18.0,17.9,17.7,98.0,95.0,98.0
20060818,2200,18.8,17.6,18.8,18.0,17.7,17.6,98.0,93.0,93.0
20060818,2300,18.9,17.6,18.9,18.7,17.6,17.5,93.0,92.0,92.0
20060819,0,18.8,17.3,19.0,18.8,17.6,17.3,92.0,90.0,91.0
20060819,100,18.4,17.4,18.8,18.4,17.4,17.3,94.0,91.0,94.0
20060819,200,18.2,17.5,18.4,18.2,17.5,17.4,96.0,94.0,96.0
20060819,300,17.9,17.4,18.2,17.9,17.5,17.4,97.0,96.0,97.0
20060819,400,18.2,17.2,18.2,17.9,17.4,17.2,97.0,94.0,94.0
20060819,500,18.0,17.2,18.3,18.0,17.3,17.2,95.0,94.0,95.0
20060819,600,18.0,16.8,18.0,17.8,17.2,16.8,96.0,93.0,93.0
20060819,700,17.4,17.3,18.0,17.1,17.3,16.8,100.0,93.0,100.0
20060819,800,17.6,17.4,17.6,17.4,17.5,17.3,100.0,98.0,98.0
20060819,900,17.8,17.4,17.8,17.6,17.4,17.2,98.0,97.0,98.0
20060819,1000,17.7,17.7,17.9,17.7,17.8,17.4,100.0,98.0,100.0
20060819,1100,18.0,17.8,18.0,17.6,18.0,17.6,100.0,99.0,99.0
20060819,1200,18.2,17.4,18.4,18.0,17.9,17.4,99.0,95.0,95.0
20060819,1300,18.3,16.9,18.4,18.1,17.4,16.8,95.0,91.0,91.0
20060819,1400,18.4,16.7,18.4,18.1,17.0,16.6,92.0,89.0,90.0
20060819,1500,18.3,16.4,18.7,18.3,16.9,16.3,90.0,87.0,89.0
20060819,1600,18.4,16.3,18.6,18.1,16.5,16.2,90.0,87.0,88.0
20060819,1700,18.1,16.2,18.7,18.1,16.5,16.2,89.0,86.0,89.0
20060819,1800,17.5,15.9,18.1,17.4,16.2,15.9,91.0,89.0,90.0
20060819,1900,17.4,15.8,17.8,17.3,16.0,15.8,91.0,89.0,90.0
20060819,2000,16.8,15.4,17.5,16.8,15.9,15.4,92.0,90.0,92.0
20060819,2100,16.1,15.3,16.8,16.1,15.5,15.3,95.0,92.0,95.0
20060819,2200,16.2,15.2,16.3,16.1,15.4,15.2,95.0,94.0,94.0
20060819,2300,15.8,15.3,16.2,15.8,15.3,15.2,97.0,94.0,97.0
20060820,0,16.0,15.1,16.0,15.8,15.3,15.1,97.0,95.0,95.0
20060820,100,15.9,15.2,16.0,15.9,15.2,15.1,96.0,94.0,96.0
20060820,200,15.7,15.2,15.9,15.7,15.3,15.2,97.0,96.0,97.0
20060820,300,15.5,15.3,15.7,15.5,15.3,15.2,99.0,97.0,98.0
20060820,400,15.7,15.4,15.7,15.5,15.4,15.3,98.0,98.0,98.0
20060820,500,15.6,15.4,15.8,15.6,15.6,15.4,99.0,98.0,99.0
20060820,600,15.4,15.4,15.6,15.2,15.4,15.2,100.0,99.0,100.0
20060820,700,15.5,15.4,15.5,15.2,15.4,15.2,100.0,99.0,99.0
20060820,800,15.6,15.6,15.6,15.5,15.6,15.4,100.0,99.0,100.0
20060820,900,15.6,15.4,15.7,15.6,15.7,15.3,100.0,98.0,99.0
20060820,1000,15.7,15.6,15.7,15.6,15.6,15.4,99.0,98.0,99.0
20060820,1100,16.5,16.0,16.5,15.7,16.0,15.6,99.0,97.0,97.0
20060820,1200,18.0,16.5,18.0,16.5,16.6,15.9,97.0,91.0,91.0
20060820,1300,19.3,16.7,19.6,17.8,16.9,16.4,92.0,83.0,85.0
20060820,1400,20.9,16.0,21.1,19.3,16.9,15.8,85.0,73.0,74.0
20060820,1500,20.0,14.7,20.9,19.7,16.1,14.6,77.0,70.0,72.0
20060820,1600,21.2,13.2,21.4,20.0,15.1,12.6,72.0,58.0,60.0
20060820,1700,20.9,13.4,21.3,19.4,15.8,13.2,73.0,60.0,62.0
20060820,1800,20.4,13.5,21.4,20.4,14.2,12.3,66.0,57.0,64.0
20060820,1900,21.7,12.2,22.5,20.4,13.6,11.3,65.0,51.0,55.0
20060820,2000,21.6,13.4,21.9,21.0,13.4,11.7,60.0,54.0,60.0
20060820,2100,19.7,12.5,21.5,19.7,13.5,12.5,64.0,60.0,63.0
20060820,2200,15.9,15.0,19.7,15.9,15.4,12.4,95.0,63.0,94.0
20060820,2300,15.2,14.0,15.9,15.1,15.0,14.0,96.0,92.0,93.0
20060821,0,14.2,13.0,15.2,14.2,13.9,13.0,93.0,91.0,93.0
20060821,100,13.2,11.7,14.2,13.2,13.1,11.7,93.0,90.0,90.0
20060821,200,12.9,11.4,13.2,12.9,11.6,11.3,91.0,90.0,91.0
20060821,300,12.7,11.4,12.9,12.6,11.6,11.4,92.0,90.0,92.0
20060821,400,12.4,11.2,12.7,12.4,11.4,11.2,93.0,92.0,92.0
20060821,500,12.1,10.5,12.4,12.1,11.1,10.4,92.0,88.0,90.0
20060821,600,11.7,10.8,12.1,11.7,10.8,10.5,94.0,90.0,94.0
20060821,700,11.5,10.6,11.7,11.4,10.8,10.4,94.0,92.0,94.0
20060821,800,11.1,9.6,11.5,11.1,10.7,9.6,96.0,91.0,91.0
20060821,900,11.2,10.1,11.3,11.0,10.2,9.6,94.0,91.0,93.0
20060821,1000,11.6,10.5,11.6,11.0,10.5,10.1,95.0,93.0,93.0
20060821,1100,12.8,10.8,12.8,11.6,10.9,10.5,93.0,87.0,87.0
20060821,1200,14.7,10.9,14.7,12.8,11.3,10.6,89.0,78.0,78.0
20060821,1300,14.7,9.9,15.3,13.9,11.1,9.7,82.0,70.0,73.0
20060821,1400,16.4,9.9,16.5,14.6,10.8,9.8,75.0,65.0,65.0
20060821,1500,16.9,10.0,17.3,15.9,11.0,9.5,70.0,63.0,64.0
20060821,1600,17.2,9.9,17.9,16.4,10.0,7.9,64.0,55.0,62.0
20060821,1700,15.4,11.2,17.8,15.4,11.4,9.5,76.0,59.0,76.0
20060821,1800,15.1,10.6,16.5,14.9,11.5,10.3,76.0,71.0,75.0
20060821,1900,14.0,10.0,15.3,14.0,10.7,10.0,78.0,73.0,77.0
20060821,2000,12.7,9.2,14.1,12.7,10.1,9.2,79.0,77.0,79.0
20060821,2100,11.7,8.6,12.7,11.7,9.2,8.6,82.0,79.0,81.0
20060821,2200,11.0,8.1,11.7,11.0,8.6,7.9,82.0,81.0,82.0
20060821,2300,11.1,8.8,11.2,11.0,8.8,8.1,86.0,82.0,86.0
20060822,0,10.6,8.2,11.1,10.6,8.8,8.2,86.0,84.0,85.0
20060822,100,10.4,8.3,10.6,10.4,8.4,8.2,87.0,85.0,87.0
20060822,200,10.2,8.2,10.5,10.2,8.5,8.2,88.0,87.0,87.0
20060822,300,9.9,7.7,10.2,9.9,8.2,7.7,88.0,86.0,86.0
20060822,400,9.6,7.0,9.9,9.6,7.7,7.0,87.0,84.0,84.0
20060822,500,8.9,7.0,9.7,8.9,7.2,6.9,89.0,83.0,88.0
20060822,600,8.4,6.9,8.9,8.4,7.1,6.8,90.0,88.0,90.0
20060822,700,8.2,6.8,8.4,8.1,6.9,6.8,91.0,90.0,91.0
20060822,800,8.0,6.5,8.2,7.9,6.8,6.5,92.0,91.0,91.0
20060822,900,8.0,6.2,8.1,7.8,6.6,6.1,91.0,88.0,88.0
20060822,1000,8.5,6.5,8.5,7.9,6.5,6.1,90.0,87.0,87.0
20060822,1100,9.6,7.0,9.6,8.5,7.1,6.2,87.0,82.0,84.0
20060822,1200,11.7,6.9,11.7,9.6,7.4,6.8,84.0,73.0,73.0
20060822,1300,13.2,6.7,13.2,11.5,7.2,6.3,73.0,64.0,64.0
20060822,1400,15.8,7.5,15.9,13.1,7.6,6.2,65.0,57.0,58.0
20060822,1500,16.7,9.0,16.7,15.6,9.0,7.5,62.0,56.0,61.0
20060822,1600,18.1,9.5,18.4,16.7,10.2,8.9,63.0,57.0,57.0
20060822,1700,19.2,9.8,19.7,17.8,11.0,9.6,63.0,54.0,54.0
20060822,1800,20.1,10.0,20.5,19.2,10.5,9.7,56.0,52.0,52.0
20060822,1900,17.7,10.7,20.2,17.7,10.9,10.0,64.0,52.0,64.0
20060822,2000,15.7,10.5,17.7,15.7,10.7,10.3,71.0,63.0,71.0
20060822,2100,13.9,9.9,15.7,13.9,10.5,9.9,77.0,71.0,77.0
20060822,2200,12.9,9.8,13.9,12.9,9.9,9.7,82.0,77.0,81.0
20060822,2300,12.7,10.0,12.9,12.6,10.0,9.7,84.0,81.0,84.0
20060823,0,12.1,10.0,12.7,12.1,10.1,10.0,87.0,84.0,87.0
20060823,100,11.8,9.9,12.1,11.8,10.0,9.9,88.0,87.0,88.0
20060823,200,11.5,9.5,11.8,11.5,9.9,9.5,89.0,88.0,88.0
20060823,300,11.1,9.4,11.5,11.1,9.5,9.4,89.0,88.0,89.0
20060823,400,10.7,9.3,11.1,10.7,9.4,9.3,91.0,89.0,91.0
20060823,500,10.2,9.1,10.7,10.2,9.3,9.1,92.0,91.0,92.0
20060823,600,9.8,9.1,10.3,9.8,9.1,9.0,96.0,92.0,95.0
20060823,700,9.5,9.1,9.8,9.4,9.3,9.1,98.0,95.0,97.0
20060823,800,9.4,15.32,9.5,9.2,9.4,9.0,100.0,97.0,76.42
20060823,900,9.4,15.32,9.5,9.3,15.7,14.96,78.88,73.78,76.42
20060823,1000,9.3,15.32,9.4,9.1,15.7,14.96,78.88,73.78,76.42
20060823,1100,9.6,15.32,9.6,9.2,15.7,14.96,78.88,73.78,76.42
20060823,1200,11.5,10.9,11.5,9.5,15.7,14.96,78.88,73.78,96.0
20060823,1300,14.5,11.7,14.5,11.1,11.8,10.6,98.0,82.0,83.0
20060823,1400,18.4,12.7,18.4,14.5,12.7,11.5,83.0,68.0,69.0
20060823,1500,21.0,12.6,21.0,18.4,13.1,12.2,70.0,58.0,58.0
20060823,1600,23.0,11.0,23.2,21.0,12.6,10.5,58.0,45.0,47.0
20060823,1700,24.5,10.9,24.8,23.0,12.0,10.8,48.0,42.0,43.0
20060823,1800,24.9,10.8,25.1,24.2,10.8,9.2,42.0,38.0,41.0
20060823,1900,25.4,10.4,25.5,24.8,11.3,10.2,42.0,39.0,39.0
20060823,2000,24.5,9.5,25.6,24.5,10.8,9.5,40.0,38.0,39.0
20060823,2100,18.4,9.9,24.5,18.4,11.9,9.5,58.0,39.0,58.0
20060823,2200,16.9,9.1,18.4,16.9,9.9,9.1,61.0,57.0,60.0
20060823,2300,15.9,8.4,16.9,15.5,9.0,8.3,62.0,59.0,61.0
20060824,0,15.7,8.0,16.3,15.7,8.8,8.0,61.0,60.0,60.0
20060824,100,15.3,8.0,15.7,15.3,8.4,7.8,63.0,60.0,62.0
20060824,200,14.8,8.9,15.3,14.8,8.9,8.0,68.0,62.0,68.0
20060824,300,14.3,9.4,14.8,14.3,9.5,8.9,73.0,68.0,72.0
20060824,400,13.3,9.5,14.3,13.3,9.6,9.4,78.0,72.0,78.0
20060824,500,12.8,9.5,13.3,12.7,9.6,9.4,81.0,78.0,81.0
20060824,600,12.7,9.6,12.8,12.6,9.6,9.5,82.0,81.0,82.0
20060824,700,12.7,8.7,12.7,12.3,9.6,8.6,83.0,77.0,77.0
20060824,800,11.9,8.7,12.7,11.7,9.2,8.5,84.0,77.0,81.0
20060824,900,11.5,8.5,11.9,11.5,8.9,8.1,84.0,79.0,82.0
20060824,1000,12.2,8.6,12.2,11.4,8.6,8.3,82.0,79.0,79.0
20060824,1100,14.3,9.4,14.3,12.2,9.4,8.5,79.0,70.0,73.0
20060824,1200,16.3,10.7,16.4,14.2,11.0,9.1,73.0,69.0,69.0
20060824,1300,19.2,13.7,19.2,16.3,13.7,10.7,72.0,66.0,70.0
20060824,1400,21.6,14.2,21.8,19.2,14.2,13.0,71.0,60.0,63.0
20060824,1500,22.8,15.4,23.2,21.5,15.6,13.9,65.0,61.0,63.0
20060824,1600,24.3,14.7,24.4,22.8,15.9,14.6,64.0,55.0,55.0
20060824,1700,25.4,14.9,26.0,24.2,15.6,14.6,57.0,51.0,52.0
20060824,1800,25.5,14.2,25.9,25.1,15.1,14.1,53.0,49.0,49.0
20060824,1900,26.1,12.6,26.4,25.5,14.5,12.5,50.0,43.0,43.0
20060824,2000,23.8,16.1,26.2,23.8,16.1,12.4,62.0,43.0,62.0
20060824,2100,20.0,16.1,23.8,20.0,16.4,16.1,78.0,62.0,78.0
20060824,2200,17.4,15.6,20.0,17.4,16.1,15.5,89.0,78.0,89.0
20060824,2300,16.0,15.6,17.4,16.0,15.7,15.6,97.0,89.0,97.0
20060825,0,15.9,15.4,16.2,15.9,15.7,15.4,98.0,96.0,97.0
20060825,100,15.7,15.2,16.0,15.6,15.4,15.1,97.0,96.0,97.0
20060825,200,15.3,14.9,15.8,15.3,15.2,14.9,97.0,96.0,97.0
20060825,300,15.2,14.8,15.3,15.2,14.9,14.7,98.0,97.0,97.0
20060825,400,15.3,14.9,15.4,15.2,14.9,14.8,98.0,97.0,98.0
20060825,500,14.8,14.7,15.3,14.8,15.0,14.7,99.0,98.0,99.0
20060825,600,15.1,14.8,15.1,14.7,14.8,14.6,100.0,98.0,98.0
20060825,700,14.5,14.5,15.1,14.5,14.8,14.5,100.0,98.0,100.0
20060825,800,14.6,14.6,14.7,14.4,14.7,14.4,100.0,100.0,100.0
20060825,900,14.4,14.4,14.7,14.4,14.6,14.4,100.0,99.0,100.0
20060825,1000,14.4,14.4,14.5,14.4,14.5,14.4,100.0,100.0,100.0
20060825,1100,15.2,14.6,15.2,14.4,14.7,14.4,100.0,96.0,96.0
20060825,1200,17.2,15.1,17.2,15.1,15.1,14.5,97.0,87.0,88.0
20060825,1300,19.1,15.2,19.1,17.1,15.4,14.9,88.0,78.0,78.0
20060825,1400,22.3,15.7,22.3,19.1,15.9,15.0,78.0,66.0,66.0
20060825,1500,24.7,15.8,25.0,22.3,16.7,15.3,66.0,56.0,58.0
20060825,1600,27.1,15.9,27.2,24.5,16.5,15.5,59.0,50.0,50.0
20060825,1700,28.0,12.0,28.1,26.7,15.9,11.0,51.0,36.0,37.0
20060825,1800,28.1,13.0,28.7,27.5,13.9,11.6,41.0,36.0,39.0
20060825,1900,27.5,12.9,28.4,27.5,13.5,12.5,41.0,38.0,41.0
20060825,2000,26.7,12.2,27.5,26.7,13.2,12.2,42.0,40.0,40.0
20060825,2100,25.6,11.3,26.7,25.5,12.2,11.3,41.0,40.0,41.0
20060825,2200,23.8,12.0,25.6,23.8,12.0,11.4,48.0,41.0,48.0
20060825,2300,22.6,12.0,23.8,22.3,12.0,11.8,51.0,48.0,51.0
20060826,0,21.4,12.4,22.6,21.4,12.4,12.0,57.0,51.0,56.0
20060826,100,20.0,11.8,21.4,20.0,12.4,11.8,59.0,56.0,59.0
20060826,200,19.8,11.4,20.3,19.8,11.8,11.2,60.0,56.0,58.0
20060826,300,19.1,11.2,19.8,19.1,11.4,11.1,61.0,58.0,60.0
20060826,400,17.8,11.3,19.1,17.8,11.4,11.2,66.0,60.0,66.0
20060826,500,17.6,11.1,17.8,17.4,11.3,11.1,67.0,65.0,66.0
20060826,600,17.1,10.9,17.6,17.1,11.1,10.7,67.0,64.0,67.0
20060826,700,16.4,10.8,17.3,16.4,10.9,10.7,70.0,66.0,69.0
20060826,800,16.5,11.4,16.6,16.0,11.4,10.7,72.0,69.0,72.0
20060826,900,15.4,11.5,16.5,15.4,11.7,11.3,77.0,72.0,77.0
20060826,1000,16.3,12.0,16.3,15.4,12.0,11.5,78.0,76.0,76.0
20060826,1100,18.2,12.8,18.3,16.4,12.9,12.0,76.0,70.0,71.0
20060826,1200,20.2,13.5,20.3,18.2,13.6,12.7,71.0,64.0,65.0
20060826,1300,23.2,14.3,23.2,20.2,15.1,13.6,66.0,57.0,57.0
20060826,1400,25.6,14.2,25.8,23.2,15.0,14.0,59.0,49.0,49.0
20060826,1500,27.2,13.0,27.3,25.5,15.0,12.5,51.0,41.0,42.0
20060826,1600,28.0,13.0,28.3,26.9,14.0,12.0,42.0,38.0,40.0
20060826,1700,29.2,13.4,29.2,28.0,13.5,12.1,41.0,37.0,38.0
20060826,1800,29.1,13.1,29.2,28.3,13.3,12.4,39.0,37.0,37.0
20060826,1900,28.8,12.6,29.1,28.7,13.0,12.4,38.0,36.0,37.0
20060826,2000,28.3,13.1,28.9,28.3,13.2,12.5,39.0,37.0,39.0
20060826,2100,26.5,12.8,28.3,26.5,13.3,12.8,43.0,39.0,43.0
20060826,2200,25.3,12.7,26.5,25.3,12.9,12.6,46.0,43.0,46.0
20060826,2300,24.0,12.4,25.3,24.0,12.9,12.4,49.0,46.0,48.0
20060827,0,24.0,12.5,24.1,23.8,12.5,12.4,49.0,48.0,49.0
20060827,100,23.9,12.7,24.3,23.9,12.7,12.5,50.0,48.0,50.0
20060827,200,23.6,13.1,24.0,23.6,13.1,12.8,52.0,50.0,52.0
20060827,300,19.1,16.5,23.6,19.1,16.8,13.1,86.0,52.0,85.0
20060827,400,18.6,16.7,19.1,18.6,16.7,16.5,89.0,85.0,89.0
20060827,500,17.2,16.6,18.6,16.9,17.2,16.6,100.0,89.0,96.0
20060827,600,17.0,15.5,17.9,17.0,16.5,14.7,96.0,82.0,91.0
20060827,700,17.2,15.2,17.5,16.6,15.6,14.6,93.0,84.0,88.0
20060827,800,17.0,15.3,17.2,16.8,15.4,15.1,91.0,88.0,90.0
20060827,900,17.3,15.2,17.6,17.0,15.3,15.0,90.0,85.0,88.0
20060827,1000,17.1,15.4,17.4,17.1,15.4,15.1,90.0,87.0,90.0
20060827,1100,17.4,15.7,17.4,17.0,15.8,15.4,91.0,89.0,90.0
20060827,1200,18.1,15.9,18.1,17.4,16.0,15.7,90.0,87.0,87.0
20060827,1300,18.6,16.0,18.6,18.1,16.1,15.8,87.0,85.0,85.0
20060827,1400,19.3,16.3,19.3,18.6,16.4,16.0,86.0,83.0,83.0
20060827,1500,21.0,16.5,21.0,19.3,16.7,16.3,83.0,76.0,76.0
20060827,1600,21.7,16.5,22.3,20.7,16.7,16.1,77.0,69.0,73.0
20060827,1700,22.4,17.0,23.0,21.5,17.2,16.3,73.0,69.0,71.0
20060827,1800,22.9,15.9,22.9,21.9,17.2,15.9,72.0,65.0,65.0
20060827,1900,22.9,15.8,23.2,22.4,16.0,15.4,66.0,62.0,64.0
20060827,2000,22.4,15.5,23.3,22.4,15.9,15.3,66.0,63.0,65.0
20060827,2100,21.5,15.5,22.4,21.5,15.8,15.5,69.0,65.0,69.0
20060827,2200,20.7,15.5,21.5,20.7,15.5,15.5,72.0,69.0,72.0
20060827,2300,20.3,15.4,20.8,20.3,15.5,15.4,74.0,72.0,74.0
20060828,0,20.0,15.5,20.3,19.7,15.5,15.4,77.0,74.0,76.0
20060828,100,19.4,15.6,20.0,19.4,15.6,15.4,78.0,75.0,78.0
20060828,200,19.1,15.6,19.5,19.1,15.7,15.5,80.0,78.0,80.0
20060828,300,17.7,14.6,19.1,17.7,15.6,14.6,82.0,79.0,82.0
20060828,400,17.1,14.7,17.7,16.9,14.7,14.6,87.0,82.0,86.0
20060828,500,17.1,14.8,17.3,17.1,15.1,14.8,87.0,86.0,86.0
20060828,600,16.7,14.9,17.1,16.7,15.0,14.7,89.0,86.0,89.0
20060828,700,15.9,14.6,16.7,15.9,14.9,14.6,92.0,89.0,92.0
20060828,800,15.2,14.8,15.9,15.2,14.9,14.6,97.0,92.0,97.0
20060828,900,15.5,15.0,15.5,15.2,15.0,14.9,98.0,97.0,97.0
20060828,1000,16.0,15.2,16.0,15.5,15.4,15.0,97.0,95.0,95.0
20060828,1100,17.1,15.5,17.1,16.0,15.7,15.1,95.0,90.0,91.0
20060828,1200,17.9,15.5,18.3,16.6,15.7,15.3,92.0,84.0,85.0
20060828,1300,19.8,15.0,19.8,17.9,15.5,14.5,86.0,72.0,74.0
20060828,1400,21.9,15.1,21.9,19.7,15.3,14.4,75.0,65.0,65.0
20060828,1500,22.8,14.9,22.8,21.0,15.6,13.7,67.0,59.0,61.0
20060828,1600,23.3,15.1,23.3,20.9,15.3,13.8,67.0,57.0,60.0
20060828,1700,22.1,15.3,23.6,21.9,15.4,14.2,65.0,58.0,65.0
20060828,1800,21.3,15.9,22.5,21.3,16.0,15.2,71.0,65.0,71.0
20060828,1900,20.1,15.6,21.4,20.0,15.9,15.5,75.0,70.0,75.0
20060828,2000,18.5,15.3,20.1,18.5,15.7,15.2,81.0,75.0,81.0
20060828,2100,17.6,15.6,18.6,17.5,15.8,15.3,88.0,81.0,88.0
20060828,2200,17.0,15.5,17.6,17.0,15.6,15.4,91.0,88.0,91.0
20060828,2300,16.5,15.8,17.0,16.5,15.8,15.4,95.0,91.0,95.0
20060829,0,16.4,15.8,16.6,16.3,15.9,15.8,97.0,95.0,97.0
20060829,100,16.5,15.9,16.5,16.4,15.9,15.8,97.0,96.0,96.0
20060829,200,16.4,16.0,16.5,16.3,16.0,15.9,98.0,96.0,97.0
20060829,300,16.6,15.9,16.6,16.3,16.0,15.9,98.0,96.0,96.0
20060829,400,16.4,16.0,16.7,16.4,16.0,15.9,97.0,95.0,97.0
20060829,500,16.3,15.9,16.4,16.3,16.0,15.9,98.0,97.0,97.0
20060829,600,15.7,15.7,16.3,15.7,15.9,15.6,100.0,97.0,100.0
20060829,700,15.2,14.8,15.7,15.2,15.7,14.8,100.0,97.0,98.0
20060829,800,13.6,13.5,15.2,13.4,14.8,13.4,100.0,95.0,100.0
20060829,900,13.1,12.8,13.7,13.1,13.5,12.4,100.0,95.0,98.0
20060829,1000,11.9,10.6,13.1,11.9,12.7,10.6,100.0,91.0,92.0
20060829,1100,11.5,10.9,11.9,11.5,10.9,10.6,96.0,92.0,96.0
20060829,1200,11.2,10.4,11.6,11.2,10.9,10.4,97.0,94.0,95.0
20060829,1300,11.1,9.7,11.5,11.1,10.5,9.7,95.0,91.0,91.0
20060829,1400,11.0,9.9,11.2,10.9,10.0,9.7,93.0,91.0,93.0
20060829,1500,10.7,9.2,11.0,10.6,9.9,9.1,94.0,89.0,91.0
20060829,1600,11.1,9.4,11.2,10.7,9.4,9.0,91.0,88.0,89.0
20060829,1700,11.0,9.3,11.1,10.6,9.4,9.1,92.0,88.0,89.0
20060829,1800,10.9,9.0,11.3,10.9,9.4,9.0,90.0,88.0,88.0
20060829,1900,10.8,8.9,11.0,10.7,9.2,8.8,89.0,88.0,88.0
20060829,2000,10.6,8.1,10.8,10.5,8.9,8.1,89.0,85.0,85.0
20060829,2100,10.5,7.8,10.7,10.5,8.1,7.5,85.0,81.0,83.0
20060829,2200,9.9,7.4,10.5,9.9,7.8,7.4,86.0,83.0,84.0
20060829,2300,9.6,7.4,9.9,9.6,7.6,7.3,87.0,84.0,86.0
20060830,0,9.4,7.4,9.6,9.4,7.6,7.4,88.0,86.0,88.0
20060830,100,9.1,7.6,9.4,9.1,7.6,7.3,90.0,87.0,90.0
20060830,200,8.9,7.5,9.1,8.9,7.6,7.5,91.0,90.0,91.0
20060830,300,8.9,7.8,9.0,8.8,7.8,7.5,93.0,91.0,93.0
20060830,400,9.1,8.3,9.1,8.8,8.3,7.8,95.0,93.0,94.0
20060830,500,9.3,8.3,9.3,9.1,8.4,8.2,95.0,94.0,94.0
20060830,600,9.0,8.8,9.3,8.9,8.8,8.3,99.0,94.0,99.0
20060830,700,9.1,9.1,9.2,8.9,9.1,8.7,99.0,98.0,99.0
20060830,800,9.5,9.5,9.5,9.1,9.5,9.1,100.0,100.0,100.0
20060830,900,9.9,9.3,10.0,9.5,9.6,9.2,100.0,95.0,96.0
20060830,1000,9.5,9.0,9.9,9.4,9.4,8.9,98.0,96.0,97.0
20060830,1100,10.7,8.9,10.7,9.4,9.1,8.7,97.0,88.0,88.0
20060830,1200,12.4,9.9,12.5,10.7,9.9,8.8,89.0,84.0,84.0
20060830,1300,14.3,10.0,14.6,12.4,10.2,9.7,85.0,74.0,76.0
20060830,1400,15.2,10.1,15.4,14.2,10.4,9.9,76.0,70.0,72.0
20060830,1500,17.5,10.1,17.5,15.0,10.4,9.6,73.0,62.0,62.0
20060830,1600,18.3,10.0,18.4,16.7,10.6,9.8,65.0,57.0,58.0
20060830,1700,19.0,11.0,19.4,18.2,11.2,9.5,60.0,55.0,60.0
20060830,1800,19.2,11.2,19.6,18.6,11.9,11.0,62.0,59.0,60.0
20060830,1900,18.3,11.8,19.4,18.2,12.1,11.1,66.0,60.0,66.0
20060830,2000,17.3,11.6,18.4,17.2,12.0,11.6,70.0,65.0,69.0
20060830,2100,15.3,11.5,17.3,15.3,11.9,11.5,78.0,69.0,78.0
20060830,2200,14.1,11.6,15.3,14.1,11.6,11.4,85.0,78.0,85.0
20060830,2300,13.4,11.7,14.1,13.4,11.7,11.6,89.0,85.0,89.0
20060831,0,13.0,11.6,13.4,13.0,11.7,11.6,91.0,89.0,91.0
20060831,100,12.5,11.4,13.0,12.5,11.6,11.4,93.0,91.0,93.0
20060831,200,12.2,10.8,12.5,12.2,11.4,10.8,93.0,91.0,91.0
20060831,300,11.8,10.7,12.2,11.8,10.8,10.7,93.0,91.0,93.0
20060831,400,11.5,10.5,11.8,11.5,10.7,10.5,94.0,93.0,94.0
20060831,500,11.4,10.1,11.5,11.4,10.5,10.1,94.0,92.0,92.0
20060831,600,11.2,10.3,11.4,11.2,10.3,10.1,94.0,92.0,94.0
20060831,700,11.0,10.3,11.2,10.9,10.4,10.3,96.0,94.0,96.0
20060831,800,10.8,10.4,11.0,10.8,10.4,10.3,97.0,96.0,97.0
20060831,900,10.5,10.3,10.8,10.5,10.4,10.3,99.0,97.0,99.0
20060831,1000,10.7,10.5,10.7,10.4,10.5,10.3,100.0,99.0,99.0
20060831,1100,12.1,11.0,12.1,10.7,11.0,10.5,99.0,92.0,93.0
20060831,1200,14.0,11.2,14.4,12.1,11.6,11.0,93.0,81.0,83.0
20060831,1300,17.2,11.7,17.2,13.9,12.1,11.0,84.0,70.0,70.0
20060831,1400,19.2,12.8,19.5,17.2,13.0,11.9,72.0,64.0,67.0
20060831,1500,21.6,12.9,21.8,19.2,13.5,12.5,66.0,57.0,58.0
20060831,1600,24.0,14.1,24.2,21.6,14.6,12.9,59.0,52.0,54.0
20060831,1700,24.8,13.9,25.0,23.9,14.4,13.6,54.0,51.0,51.0
20060831,1800,24.8,14.3,25.9,24.7,15.1,13.9,53.0,50.0,52.0
20060831,1900,21.8,14.5,24.9,21.8,15.0,14.3,63.0,52.0,63.0
20060831,2000,20.2,14.1,21.9,20.2,14.6,14.1,68.0,62.0,68.0
20060831,2100,17.4,14.0,20.2,17.4,14.3,14.0,80.0,68.0,80.0
20060831,2200,16.5,13.8,17.4,16.4,13.9,13.8,84.0,80.0,84.0
20060831,2300,16.4,14.0,16.6,16.3,14.0,13.8,86.0,84.0,86.0
20060901,0,16.4,13.8,16.6,16.4,14.2,13.8,86.0,84.0,85.0
20060901,100,16.1,13.6,16.4,16.0,13.8,13.6,86.0,84.0,85.0
20060901,200,16.2,13.4,16.2,15.9,13.6,13.4,86.0,83.0,83.0
20060901,300,16.2,13.6,16.3,16.2,13.7,13.4,85.0,83.0,85.0
20060901,400,16.1,13.5,16.2,16.1,13.6,13.4,85.0,84.0,84.0
20060901,500,16.4,12.9,16.4,16.1,13.5,12.9,84.0,80.0,80.0
20060901,600,16.2,12.8,16.4,15.9,13.2,12.8,84.0,80.0,81.0
20060901,700,16.1,12.6,16.4,16.1,13.0,12.6,81.0,79.0,80.0
20060901,800,15.7,12.7,16.1,15.6,12.8,12.6,84.0,79.0,83.0
20060901,900,15.9,13.9,16.0,15.6,13.9,12.6,88.0,81.0,88.0
20060901,1000,15.8,13.5,16.1,15.7,14.5,13.4,92.0,86.0,86.0
20060901,1100,15.5,14.2,16.1,15.5,14.4,13.3,93.0,84.0,92.0
20060901,1200,17.0,14.9,17.0,15.5,15.0,14.1,93.0,88.0,88.0
20060901,1300,18.3,15.2,18.3,17.0,15.7,14.9,89.0,82.0,82.0
20060901,1400,21.0,16.3,21.1,18.2,16.4,15.0,82.0,74.0,75.0
20060901,1500,23.3,17.3,23.3,20.9,17.5,16.1,75.0,69.0,69.0
20060901,1600,25.4,18.1,26.1,23.3,18.2,17.3,70.0,61.0,64.0
20060901,1700,26.3,18.0,26.7,24.9,19.1,18.0,68.0,60.0,60.0
20060901,1800,19.4,17.4,26.5,19.4,18.6,17.4,88.0,59.0,88.0
20060901,1900,16.7,16.7,19.4,16.7,17.4,16.4,100.0,88.0,100.0
20060901,2000,16.4,16.4,16.7,16.0,15.7,14.96,78.88,73.78,100.0
20060901,2100,15.8,15.32,16.5,15.8,15.7,14.96,78.88,73.78,76.42
20060901,2200,15.6,15.32,15.8,15.4,15.7,14.96,78.88,73.78,76.42
20060901,2300,15.7,15.32,15.7,15.3,15.7,14.96,78.88,73.78,76.42
20060902,0,15.6,15.32,15.8,15.6,15.7,14.96,78.88,73.78,76.42
20060902,100,15.7,15.7,15.8,15.6,15.7,14.96,78.88,73.78,100.0
20060902,200,15.4,15.32,15.8,15.4,15.7,14.96,78.88,73.78,76.42
20060902,300,15.5,15.32,15.5,15.4,15.7,14.96,78.88,73.78,76.42
20060902,400,15.9,15.4,15.9,15.5,15.6,15.3,100.0,96.0,97.0
20060902,500,15.9,15.2,16.0,15.8,15.4,15.2,97.0,95.0,96.0
20060902,600,15.5,15.2,15.9,15.5,15.2,15.1,98.0,96.0,98.0
20060902,700,16.2,15.3,16.2,15.4,15.3,15.1,98.0,94.0,94.0
20060902,800,16.8,16.1,16.8,16.2,16.1,15.3,97.0,94.0,95.0
20060902,900,17.8,16.9,18.1,16.8,16.9,16.1,96.0,92.0,95.0
20060902,1000,14.3,14.3,17.8,14.0,17.2,14.1,100.0,95.0,100.0
20060902,1100,15.5,14.4,15.5,14.3,14.7,14.3,100.0,93.0,93.0
20060902,1200,17.3,14.0,17.3,15.5,14.6,14.0,94.0,81.0,81.0
20060902,1300,18.5,14.6,18.5,17.1,14.6,14.0,84.0,78.0,78.0
20060902,1400,19.9,15.5,20.6,18.5,15.5,14.4,79.0,69.0,76.0
20060902,1500,21.9,14.9,21.9,19.9,15.6,14.7,76.0,64.0,64.0
20060902,1600,22.2,14.4,22.5,21.7,15.0,14.2,65.0,60.0,62.0
20060902,1700,23.0,16.0,23.3,22.1,16.1,14.2,65.0,61.0,65.0
20060902,1800,22.9,16.1,23.3,22.8,16.4,15.9,67.0,64.0,66.0
20060902,1900,21.7,16.3,22.9,21.6,16.3,15.9,72.0,65.0,71.0
20060902,2000,21.4,16.7,21.7,21.4,16.7,16.1,75.0,70.0,75.0
20060902,2100,20.7,17.0,21.4,20.7,17.1,16.6,80.0,75.0,80.0
20060902,2200,20.3,17.2,20.7,20.3,17.2,17.0,82.0,80.0,82.0
20060902,2300,20.3,17.1,20.3,20.2,17.2,17.0,83.0,81.0,81.0
20060903,0,20.3,16.7,20.5,20.3,17.1,16.7,81.0,79.0,80.0
20060903,100,19.9,16.9,20.3,19.9,16.9,16.7,83.0,80.0,83.0
20060903,200,19.7,16.9,19.9,19.6,16.9,16.8,84.0,82.0,84.0
20060903,300,19.4,17.0,19.7,19.4,17.0,16.9,86.0,84.0,86.0
20060903,400,18.9,16.1,19.4,18.9,17.0,16.1,86.0,83.0,84.0
20060903,500,18.2,16.5,18.9,18.2,16.5,16.1,90.0,84.0,90.0
20060903,600,18.0,16.1,18.2,17.9,16.5,16.1,90.0,89.0,89.0
20060903,700,17.6,16.2,18.0,17.6,16.2,16.1,92.0,89.0,92.0
20060903,800,17.4,16.2,17.7,17.3,16.3,16.2,93.0,91.0,93.0
20060903,900,16.9,16.1,17.4,16.9,16.2,16.1,95.0,93.0,95.0
20060903,1000,16.8,16.1,16.9,16.7,16.2,16.0,96.0,95.0,96.0
20060903,1100,17.7,15.7,17.9,16.8,16.4,15.5,96.0,87.0,88.0
20060903,1200,18.3,14.6,18.8,17.6,15.5,14.5,88.0,78.0,79.0
20060903,1300,19.7,14.2,19.8,18.3,15.3,14.2,79.0,70.0,71.0
20060903,1400,21.8,11.8,21.8,19.7,14.4,11.0,71.0,52.0,53.0
20060903,1500,23.1,9.9,23.1,21.4,12.7,9.3,57.0,43.0,43.0
20060903,1600,23.9,9.0,24.1,23.1,10.2,7.6,44.0,36.0,39.0
20060903,1700,24.0,10.1,24.2,23.3,10.6,9.2,43.0,39.0,42.0
20060903,1800,24.2,10.0,24.4,23.7,10.2,8.8,42.0,38.0,41.0
20060903,1900,20.5,14.6,24.2,20.5,14.7,9.4,69.0,41.0,69.0
20060903,2000,16.6,13.9,20.4,16.4,14.8,13.9,85.0,69.0,84.0
20060903,2100,15.0,13.5,16.6,15.0,14.0,13.5,91.0,84.0,90.0
20060903,2200,14.6,13.4,15.0,14.6,13.5,13.3,93.0,90.0,93.0
20060903,2300,14.3,13.4,14.6,14.3,13.4,13.3,95.0,93.0,94.0
20060904,0,13.8,13.1,14.3,13.8,13.4,13.1,96.0,94.0,96.0
20060904,100,13.7,12.9,14.1,13.7,13.3,12.8,96.0,94.0,95.0
20060904,200,13.7,12.5,13.8,13.5,12.9,12.5,95.0,92.0,92.0
20060904,300,12.8,11.9,13.7,12.8,12.5,11.8,94.0,92.0,94.0
20060904,400,12.6,11.2,12.9,12.6,11.9,11.2,94.0,91.0,91.0
20060904,500,12.6,11.0,12.8,12.6,11.3,11.0,91.0,89.0,90.0
20060904,600,12.5,11.5,12.6,12.4,11.8,10.9,96.0,90.0,94.0
20060904,700,12.5,11.3,12.6,12.4,11.7,11.2,95.0,92.0,93.0
20060904,800,12.3,11.2,12.5,12.3,11.5,9.7,94.0,83.0,93.0
20060904,900,11.9,10.5,12.3,11.8,11.1,10.3,94.0,90.0,91.0
20060904,1000,12.6,10.3,12.6,11.9,10.4,9.8,91.0,86.0,86.0
20060904,1100,13.6,9.4,13.7,12.4,10.4,9.4,88.0,76.0,76.0
20060904,1200,14.7,9.7,14.8,13.5,10.2,9.3,77.0,70.0,72.0
20060904,1300,14.8,10.3,15.5,14.4,10.5,9.2,76.0,69.0,74.0
20060904,1400,16.1,10.8,16.4,14.7,10.8,10.1,76.0,68.0,71.0
20060904,1500,13.2,11.2,16.1,13.2,11.3,10.5,88.0,71.0,88.0
20060904,1600,11.5,9.7,13.2,11.5,11.1,9.7,90.0,86.0,88.0
20060904,1700,11.1,9.0,11.6,11.0,9.6,9.0,89.0,87.0,87.0
20060904,1800,11.2,8.4,11.3,10.9,9.0,8.4,87.0,83.0,83.0
20060904,1900,10.6,7.9,11.2,10.4,8.4,7.8,85.0,83.0,83.0
20060904,2000,10.2,7.3,10.6,10.2,7.8,7.3,84.0,81.0,82.0
20060904,2100,9.7,7.1,10.4,9.7,7.5,7.1,84.0,82.0,84.0
20060904,2200,9.5,5.9,9.7,9.4,7.2,5.8,85.0,78.0,78.0
20060904,2300,9.2,5.6,9.5,9.1,6.0,5.6,80.0,78.0,78.0
20060905,0,9.1,5.1,9.3,9.1,5.6,5.1,78.0,76.0,76.0
20060905,100,9.0,4.7,9.1,9.0,5.2,4.6,77.0,74.0,74.0
20060905,200,9.0,4.8,9.2,9.0,4.9,4.6,76.0,74.0,75.0
20060905,300,8.9,5.0,9.1,8.9,5.0,4.8,77.0,75.0,77.0
20060905,400,9.0,5.2,9.0,8.8,5.4,5.0,78.0,77.0,78.0
20060905,500,9.0,6.1,9.1,8.9,6.1,5.3,82.0,77.0,82.0
20060905,600,8.9,5.8,9.0,8.8,6.2,5.7,83.0,81.0,81.0
20060905,700,8.7,4.6,8.9,8.5,5.8,4.5,81.0,75.0,76.0
20060905,800,8.8,4.6,8.8,8.7,4.7,4.5,76.0,74.0,75.0
20060905,900,8.8,4.8,8.8,8.6,5.0,4.6,78.0,75.0,76.0
20060905,1000,9.0,4.1,9.1,8.7,5.0,4.1,77.0,71.0,71.0
20060905,1100,8.7,5.7,9.2,8.4,5.7,4.0,81.0,71.0,81.0
20060905,1200,9.5,5.8,9.6,8.7,6.1,5.7,83.0,77.0,78.0
20060905,1300,10.0,6.0,10.3,9.4,6.4,5.6,79.0,76.0,76.0
20060905,1400,11.8,6.7,11.8,10.0,6.7,5.7,77.0,70.0,71.0
20060905,1500,12.5,6.7,13.1,11.1,7.0,5.9,72.0,64.0,68.0
20060905,1600,13.4,5.9,13.7,11.8,6.9,4.9,68.0,59.0,61.0
20060905,1700,13.2,5.4,13.8,12.7,5.9,4.6,61.0,54.0,59.0
20060905,1800,13.1,5.9,13.9,12.8,6.2,4.7,62.0,55.0,62.0
20060905,1900,12.2,5.4,13.2,11.5,5.7,5.1,66.0,60.0,64.0
20060905,2000,10.9,4.9,12.2,10.5,5.7,4.9,69.0,63.0,66.0
20060905,2100,8.9,3.8,10.9,8.9,4.8,3.5,71.0,66.0,71.0
20060905,2200,8.5,4.1,8.9,8.2,4.1,3.3,74.0,70.0,74.0
20060905,2300,8.0,3.6,8.5,8.0,4.2,3.2,75.0,70.0,74.0
20060906,0,7.7,4.8,8.0,7.7,4.8,3.6,82.0,74.0,82.0
20060906,100,7.5,4.7,7.7,7.5,4.8,4.4,83.0,80.0,83.0
20060906,200,7.3,4.9,7.5,7.3,4.9,4.6,85.0,83.0,85.0
20060906,300,6.9,5.3,7.3,6.9,5.4,5.0,90.0,85.0,89.0
20060906,400,6.9,5.4,6.9,6.8,5.4,5.3,90.0,89.0,90.0
20060906,500,6.8,5.3,6.9,6.8,5.4,5.3,90.0,90.0,90.0
20060906,600,6.6,5.6,6.9,6.6,5.6,5.3,93.0,90.0,93.0
20060906,700,6.4,5.6,6.6,6.4,5.7,5.6,95.0,93.0,95.0
20060906,800,6.5,5.2,6.5,6.3,5.6,5.1,95.0,91.0,91.0
20060906,900,7.2,5.6,7.2,6.5,5.6,5.1,91.0,89.0,90.0
20060906,1000,7.6,6.4,7.7,7.2,6.5,5.7,92.0,90.0,92.0
20060906,1100,9.2,7.6,9.2,7.6,7.6,6.4,92.0,90.0,90.0
20060906,1200,9.8,8.1,9.8,9.2,8.1,7.6,90.0,88.0,89.0
20060906,1300,11.5,8.8,11.5,9.8,8.8,8.0,89.0,83.0,83.0
20060906,1400,12.4,8.9,12.5,11.5,9.1,8.7,83.0,79.0,79.0
20060906,1500,13.3,9.1,13.8,12.2,9.6,9.0,81.0,74.0,76.0
20060906,1600,14.5,10.1,14.5,13.3,10.4,8.9,78.0,71.0,75.0
20060906,1700,13.9,9.5,14.5,12.9,10.2,9.2,82.0,74.0,75.0
20060906,1800,13.5,9.8,14.3,13.1,10.0,9.5,81.0,74.0,78.0
20060906,1900,12.5,9.3,13.5,12.5,9.8,9.2,81.0,76.0,81.0
20060906,2000,11.5,8.8,12.7,11.5,9.4,8.8,84.0,80.0,83.0
20060906,2100,11.0,8.8,11.5,10.9,8.8,8.6,86.0,83.0,86.0
20060906,2200,10.7,8.6,11.0,10.6,9.1,8.6,90.0,86.0,87.0
20060906,2300,10.7,8.7,10.7,10.6,8.7,8.5,88.0,86.0,88.0
20060907,0,10.6,9.2,10.7,10.6,9.2,8.7,91.0,88.0,91.0
20060907,100,10.7,9.4,10.8,10.6,9.4,9.2,92.0,91.0,92.0
20060907,200,10.8,9.5,10.8,10.7,9.6,9.4,92.0,91.0,92.0
20060907,300,10.9,9.5,10.9,10.8,9.5,9.4,92.0,91.0,91.0
20060907,400,10.9,9.5,11.0,10.8,9.6,9.5,92.0,91.0,91.0
20060907,500,11.0,9.7,11.0,10.9,9.7,9.5,92.0,91.0,92.0
20060907,600,11.0,9.9,11.0,11.0,9.9,9.7,93.0,92.0,93.0
20060907,700,11.3,10.0,11.3,11.0,10.0,9.9,93.0,92.0,92.0
20060907,800,11.5,10.0,11.5,11.2,10.0,9.9,92.0,91.0,91.0
20060907,900,11.6,10.1,11.6,11.5,10.1,10.0,91.0,90.0,91.0
20060907,1000,11.7,10.2,11.7,11.6,10.3,10.1,92.0,90.0,91.0
20060907,1100,12.7,10.5,12.7,11.7,10.5,10.2,91.0,86.0,86.0
20060907,1200,14.1,10.5,14.3,12.8,10.7,10.3,86.0,78.0,79.0
20060907,1300,15.8,11.0,16.0,14.1,11.2,10.5,79.0,72.0,73.0
20060907,1400,17.2,11.2,17.3,15.6,11.4,10.7,73.0,67.0,68.0
20060907,1500,18.6,11.2,18.8,17.2,11.7,10.9,69.0,62.0,62.0
20060907,1600,20.1,11.7,20.3,18.5,12.1,11.2,63.0,58.0,59.0
20060907,1700,20.6,12.1,21.2,19.7,12.7,11.6,60.0,56.0,59.0
20060907,1800,20.1,14.2,21.5,19.8,14.2,11.7,69.0,55.0,69.0
20060907,1900,19.1,14.1,20.1,19.1,14.3,14.0,73.0,68.0,73.0
20060907,2000,16.9,13.8,19.1,16.8,14.2,13.7,82.0,73.0,82.0
20060907,2100,15.1,13.3,17.1,15.1,13.8,13.3,89.0,81.0,89.0
20060907,2200,14.9,13.2,15.1,14.9,13.3,13.1,90.0,89.0,90.0
20060907,2300,14.6,13.2,15.1,14.6,13.4,13.2,91.0,90.0,91.0
20060908,0,14.6,13.2,14.6,14.4,13.3,13.1,92.0,91.0,91.0
20060908,100,14.6,13.3,14.7,14.5,13.3,13.1,92.0,91.0,92.0
20060908,200,14.2,13.2,14.6,14.2,13.3,13.1,94.0,92.0,94.0
20060908,300,14.2,13.3,14.3,14.1,13.3,13.2,95.0,94.0,95.0
20060908,400,13.6,13.3,14.2,13.6,13.3,13.2,98.0,95.0,98.0
20060908,500,13.9,13.0,13.9,13.6,13.3,13.0,98.0,95.0,95.0
20060908,600,13.4,12.8,13.9,13.4,13.0,12.8,96.0,95.0,96.0
20060908,700,13.0,12.7,13.4,13.0,12.8,12.6,98.0,96.0,98.0
20060908,800,12.9,12.7,13.0,12.9,12.7,12.7,99.0,98.0,98.0
20060908,900,12.9,12.8,13.0,12.9,12.8,12.7,99.0,98.0,99.0
20060908,1000,13.0,12.9,13.0,12.8,12.9,12.8,100.0,99.0,100.0
20060908,1100,13.2,12.9,13.3,13.0,13.0,12.7,100.0,97.0,98.0
20060908,1200,14.7,13.2,14.7,13.2,13.3,12.9,98.0,91.0,91.0
20060908,1300,17.3,13.9,17.3,14.6,14.0,13.2,92.0,80.0,81.0
20060908,1400,19.8,14.6,20.0,16.9,14.9,13.7,82.0,71.0,72.0
20060908,1500,22.4,15.1,22.6,19.4,15.4,14.3,74.0,63.0,63.0
20060908,1600,23.5,14.9,23.5,21.5,15.6,14.5,66.0,58.0,58.0
20060908,1700,25.2,14.9,25.4,23.5,15.4,14.4,59.0,53.0,53.0
20060908,1800,25.7,14.8,25.9,24.5,15.8,14.5,55.0,50.0,51.0
20060908,1900,25.6,14.3,25.8,25.0,15.1,14.2,53.0,49.0,50.0
20060908,2000,24.8,14.2,25.6,24.8,14.6,14.0,52.0,50.0,52.0
20060908,2100,23.3,13.0,24.8,23.3,14.3,13.0,53.0,52.0,52.0
20060908,2200,22.3,12.5,23.3,22.3,13.0,12.4,54.0,52.0,54.0
20060908,2300,21.2,11.9,22.3,21.2,12.5,11.8,55.0,53.0,55.0
20060909,0,19.6,14.7,21.2,19.6,14.8,11.9,73.0,55.0,73.0
20060909,100,18.6,14.2,19.7,18.6,14.8,14.2,76.0,73.0,75.0
20060909,200,17.9,14.4,18.6,17.9,14.4,14.2,80.0,75.0,80.0
20060909,300,17.2,14.1,17.9,17.2,14.4,14.1,82.0,80.0,82.0
20060909,400,16.6,13.7,17.2,16.5,14.1,13.7,83.0,82.0,83.0
20060909,500,15.9,13.5,16.6,15.9,13.7,13.5,86.0,83.0,86.0
20060909,600,15.4,13.3,15.9,15.4,13.5,13.3,88.0,86.0,87.0
20060909,700,15.0,13.4,15.4,15.0,13.4,13.2,90.0,87.0,90.0
20060909,800,14.2,13.2,15.0,14.2,13.4,13.2,94.0,90.0,94.0
20060909,900,13.8,12.7,14.2,13.8,13.2,12.7,94.0,93.0,93.0
20060909,1000,14.4,12.8,14.4,13.7,12.8,12.6,93.0,90.0,90.0
20060909,1100,16.1,12.9,16.1,14.4,13.0,12.6,90.0,81.0,81.0
20060909,1200,19.9,13.9,19.9,16.1,13.9,12.9,81.0,69.0,69.0
20060909,1300,23.2,13.3,23.2,19.8,14.5,13.2,68.0,54.0,54.0
20060909,1400,23.8,13.8,24.2,22.8,13.9,13.1,56.0,52.0,53.0
20060909,1500,25.0,14.1,25.6,23.8,14.7,13.8,54.0,50.0,51.0
20060909,1600,26.7,14.8,26.7,25.0,14.8,13.9,51.0,47.0,48.0
20060909,1700,26.8,13.8,27.5,26.6,15.2,13.8,49.0,44.0,45.0
20060909,1800,26.6,14.1,27.2,26.2,14.2,13.5,47.0,43.0,46.0
20060909,1900,26.1,13.9,27.4,26.1,14.8,13.8,47.0,46.0,47.0
20060909,2000,25.8,13.8,26.3,25.7,14.0,13.6,48.0,46.0,48.0
20060909,2100,24.7,14.1,25.8,24.7,14.1,13.7,52.0,48.0,52.0
20060909,2200,24.2,14.2,24.7,24.2,14.3,14.2,54.0,52.0,54.0
20060909,2300,23.3,14.1,24.2,23.3,14.1,14.0,56.0,53.0,56.0
20060910,0,22.8,14.2,23.3,22.8,14.3,14.1,59.0,56.0,59.0
20060910,100,22.2,14.3,22.8,22.2,14.3,14.2,61.0,59.0,61.0
20060910,200,21.9,14.5,22.2,21.8,14.5,14.2,63.0,61.0,63.0
20060910,300,21.6,14.7,21.9,21.5,14.7,14.5,65.0,63.0,65.0
20060910,400,21.1,15.0,21.6,21.0,15.0,14.7,68.0,65.0,68.0
20060910,500,20.6,15.2,21.2,20.6,15.2,15.0,71.0,68.0,71.0
20060910,600,20.1,15.3,20.6,20.1,15.4,15.2,74.0,71.0,74.0
20060910,700,19.4,15.1,20.1,19.4,15.4,15.1,77.0,74.0,76.0
20060910,800,19.0,15.4,19.5,19.0,15.4,15.1,79.0,76.0,79.0
20060910,900,18.3,15.0,19.0,18.2,15.4,14.9,82.0,80.0,81.0
20060910,1000,19.1,15.2,19.2,18.1,15.2,15.0,82.0,77.0,78.0
20060910,1100,19.5,15.4,19.5,18.9,15.5,15.1,80.0,77.0,77.0
20060910,1200,20.8,15.4,21.0,19.5,15.7,15.2,78.0,70.0,71.0
20060910,1300,21.7,16.3,21.7,20.8,16.3,15.3,73.0,69.0,71.0
20060910,1400,22.4,16.1,22.7,21.6,16.7,15.9,73.0,66.0,68.0
20060910,1500,23.0,15.9,23.2,22.4,16.3,15.3,69.0,62.0,64.0
20060910,1600,23.5,16.2,23.5,22.8,16.4,15.7,67.0,63.0,64.0
20060910,1700,25.5,16.3,25.6,23.5,17.0,15.9,64.0,56.0,57.0
20060910,1800,26.3,16.7,26.3,25.1,17.0,16.2,59.0,56.0,56.0
20060910,1900,26.7,16.4,27.0,25.7,17.0,15.9,58.0,52.0,53.0
20060910,2000,26.2,16.1,26.8,26.2,16.5,15.9,54.0,52.0,54.0
20060910,2100,25.0,15.7,26.2,25.0,16.0,15.6,56.0,53.0,56.0
20060910,2200,23.4,16.3,24.9,23.4,16.3,15.7,64.0,56.0,64.0
20060910,2300,22.3,16.5,23.4,22.3,16.5,16.2,70.0,64.0,70.0
20060911,0,21.6,16.2,22.3,21.5,16.5,16.2,72.0,70.0,72.0
20060911,100,20.8,16.0,21.6,20.8,16.2,16.0,74.0,72.0,74.0
20060911,200,19.8,15.9,20.8,19.7,16.0,15.8,78.0,74.0,78.0
20060911,300,19.3,15.6,20.0,19.3,15.9,15.6,80.0,77.0,79.0
20060911,400,18.6,15.1,19.3,18.6,15.6,15.1,80.0,79.0,80.0
20060911,500,18.0,14.9,18.6,18.0,15.1,14.9,82.0,80.0,82.0
20060911,600,17.2,14.8,18.0,17.2,14.9,14.8,86.0,82.0,86.0
20060911,700,16.8,14.7,17.2,16.8,14.8,14.7,88.0,86.0,88.0
20060911,800,16.3,14.7,16.8,16.3,14.7,14.7,90.0,88.0,90.0
20060911,900,16.2,14.7,16.4,15.9,14.7,14.6,92.0,90.0,91.0
20060911,1000,17.0,14.9,17.0,16.2,14.9,14.7,91.0,87.0,87.0
20060911,1100,18.5,15.2,18.5,17.0,15.3,14.8,87.0,81.0,81.0
20060911,1200,21.3,15.9,21.5,18.5,15.9,15.2,82.0,70.0,71.0
20060911,1300,24.3,15.9,24.3,21.4,16.2,15.5,72.0,59.0,60.0
20060911,1400,26.6,16.1,26.8,24.3,16.7,15.4,60.0,52.0,53.0
20060911,1500,28.5,16.7,28.5,26.6,17.1,16.0,55.0,48.0,49.0
20060911,1600,29.3,15.6,29.8,27.9,17.3,15.6,51.0,43.0,43.0
20060911,1700,30.5,16.1,30.5,29.1,16.6,15.4,45.0,42.0,42.0
20060911,1800,30.7,15.8,31.3,30.3,16.8,15.3,43.0,40.0,40.0
20060911,1900,30.1,15.7,30.9,30.1,16.5,15.3,42.0,40.0,42.0
20060911,2000,29.8,15.9,30.3,29.7,16.2,15.4,43.0,41.0,43.0
20060911,2100,28.5,14.9,29.8,28.5,15.9,14.9,44.0,42.0,44.0
20060911,2200,26.4,16.1,28.5,26.4,17.5,14.8,57.0,43.0,53.0
20060911,2300,25.1,15.5,26.4,25.0,16.1,15.4,56.0,53.0,55.0
20060912,0,24.1,15.7,25.1,24.1,15.7,15.0,60.0,55.0,60.0
20060912,100,23.0,16.4,24.1,23.0,16.4,15.7,67.0,60.0,67.0
20060912,200,21.9,16.5,23.0,21.9,16.6,16.5,71.0,67.0,71.0
20060912,300,20.9,16.3,21.9,20.9,16.5,16.3,75.0,71.0,75.0
20060912,400,20.5,15.6,20.9,20.5,16.3,15.6,75.0,73.0,73.0
20060912,500,19.9,15.2,20.5,19.9,15.6,15.2,75.0,73.0,74.0
20060912,600,19.5,15.3,20.0,19.5,15.4,15.2,77.0,74.0,77.0
20060912,700,18.7,15.1,19.6,18.6,15.3,15.1,80.0,76.0,80.0
20060912,800,18.7,14.8,18.9,18.7,15.2,14.8,80.0,77.0,78.0
20060912,900,18.4,14.6,18.8,18.4,14.8,14.6,79.0,77.0,78.0
20060912,1000,19.6,15.0,19.6,18.4,15.1,14.5,79.0,75.0,75.0
20060912,1100,21.6,15.6,21.6,19.6,15.8,14.8,75.0,68.0,69.0
20060912,1200,23.9,15.6,23.9,21.6,15.8,15.2,69.0,59.0,60.0
20060912,1300,26.7,16.1,26.7,23.9,16.5,15.4,60.0,52.0,52.0
20060912,1400,28.8,15.5,28.9,26.6,16.4,14.9,53.0,45.0,45.0
20060912,1500,29.8,16.0,29.9,28.6,16.1,15.2,46.0,42.0,43.0
20060912,1600,31.0,15.8,31.0,29.7,16.5,15.0,45.0,40.0,40.0
20060912,1700,30.7,15.3,32.0,30.0,16.4,15.0,42.0,38.0,39.0
20060912,1800,31.5,15.7,31.8,30.6,16.2,15.0,41.0,38.0,38.0
20060912,1900,31.5,15.4,32.0,31.1,16.3,14.8,39.0,37.0,38.0
20060912,2000,29.7,17.4,31.5,29.7,17.4,14.9,48.0,37.0,48.0
20060912,2100,27.6,16.5,29.6,27.6,17.6,16.5,51.0,48.0,51.0
20060912,2200,26.7,16.7,27.6,26.7,16.9,16.4,54.0,51.0,54.0
20060912,2300,26.1,15.3,26.7,26.0,16.7,15.3,54.0,51.0,51.0
20060913,0,25.1,15.2,26.1,25.1,15.3,15.1,54.0,51.0,54.0
20060913,100,23.9,16.1,25.1,23.9,16.1,15.2,62.0,54.0,62.0
20060913,200,23.0,15.7,23.9,23.0,16.1,15.7,64.0,62.0,63.0
20060913,300,22.4,15.4,23.1,22.4,15.8,15.4,66.0,63.0,65.0
20060913,400,22.1,15.1,22.6,22.0,15.4,14.9,65.0,62.0,65.0
20060913,500,21.2,15.5,22.1,21.2,15.5,15.0,70.0,64.0,70.0
20060913,600,20.2,15.0,21.2,20.2,15.7,15.0,73.0,70.0,72.0
20060913,700,19.9,14.9,20.2,19.7,15.1,14.9,74.0,72.0,73.0
20060913,800,19.6,14.3,20.2,19.6,14.9,14.3,73.0,70.0,72.0
20060913,900,19.4,14.6,19.7,19.1,14.6,14.2,74.0,72.0,74.0
20060913,1000,20.0,15.1,20.0,19.3,15.1,14.5,76.0,73.0,74.0
20060913,1100,23.2,15.3,23.2,20.0,15.7,14.9,74.0,61.0,61.0
20060913,1200,25.1,15.4,25.3,23.1,16.1,15.0,62.0,54.0,55.0
20060913,1300,28.1,16.7,28.1,25.2,16.7,15.5,56.0,49.0,50.0
20060913,1400,29.3,16.3,29.3,28.0,16.8,15.4,51.0,45.0,45.0
20060913,1500,30.1,15.5,30.7,29.2,16.8,15.4,46.0,41.0,41.0
20060913,1600,31.6,15.6,32.3,29.9,17.1,15.5,44.0,37.0,38.0
20060913,1700,31.3,15.0,31.9,31.0,16.2,14.8,41.0,36.0,37.0
20060913,1800,31.6,14.8,32.4,31.3,16.0,14.2,39.0,35.0,36.0
20060913,1900,31.7,14.8,32.1,31.3,15.1,14.3,37.0,35.0,36.0
20060913,2000,30.7,13.8,31.7,30.7,15.4,13.7,38.0,35.0,36.0
20060913,2100,27.7,16.4,30.7,27.7,17.7,13.8,52.0,36.0,50.0
20060913,2200,23.3,18.4,27.7,23.3,18.6,16.1,74.0,49.0,74.0
20060913,2300,21.6,17.7,23.3,21.6,18.4,17.7,79.0,73.0,79.0
20060914,0,20.9,17.4,21.6,20.9,17.8,17.4,81.0,78.0,80.0
20060914,100,20.9,17.1,20.9,20.8,17.4,17.1,81.0,79.0,79.0
20060914,200,20.9,17.3,21.0,20.7,17.3,17.2,80.0,79.0,80.0
20060914,300,20.6,17.4,21.0,20.6,17.6,17.3,82.0,80.0,82.0
20060914,400,20.4,17.4,20.7,20.4,17.5,17.4,83.0,82.0,83.0
20060914,500,19.7,17.2,20.4,19.7,17.3,17.2,85.0,83.0,85.0
20060914,600,19.8,17.2,20.1,19.3,17.2,17.1,87.0,83.0,85.0
20060914,700,19.6,17.0,20.0,19.3,17.2,17.0,87.0,84.0,85.0
20060914,800,19.0,16.3,19.6,19.0,17.0,16.3,86.0,84.0,84.0
20060914,900,18.8,15.9,19.3,18.5,16.4,15.9,86.0,83.0,84.0
20060914,1000,20.0,16.6,20.1,18.6,16.6,15.9,84.0,80.0,80.0
20060914,1100,22.3,16.2,22.3,20.0,16.6,15.9,80.0,68.0,68.0
20060914,1200,26.2,13.6,26.3,22.3,16.2,13.6,68.0,45.0,46.0
20060914,1300,27.5,12.4,28.1,26.0,14.3,12.4,47.0,39.0,39.0
20060914,1400,28.3,13.0,28.4,27.2,13.4,12.4,41.0,38.0,39.0
20060914,1500,29.7,13.5,30.0,28.3,13.9,12.9,40.0,37.0,37.0
20060914,1600,30.4,13.5,31.0,29.7,14.5,13.1,38.0,35.0,36.0
20060914,1700,31.1,13.7,31.8,30.4,14.3,13.5,36.0,34.0,35.0
20060914,1800,31.2,13.6,32.0,31.1,14.5,13.5,35.0,34.0,34.0
20060914,1900,32.0,14.3,32.0,31.0,14.3,13.5,35.0,34.0,34.0
20060914,2000,30.9,13.1,32.0,30.9,14.0,13.1,35.0,33.0,34.0
20060914,2100,29.4,12.5,30.9,29.4,13.1,12.5,35.0,34.0,35.0
20060914,2200,27.9,11.7,29.4,27.9,12.9,11.7,38.0,35.0,37.0
20060914,2300,27.0,11.6,28.2,27.0,12.0,11.3,38.0,36.0,38.0
20060915,0,25.2,12.3,27.0,25.2,12.5,11.6,45.0,38.0,44.0
20060915,100,24.0,11.8,25.3,24.0,12.5,11.2,48.0,43.0,46.0
20060915,200,23.6,12.2,24.0,23.2,12.3,11.7,49.0,46.0,49.0
20060915,300,23.1,12.1,23.7,22.9,12.5,12.0,51.0,48.0,50.0
20060915,400,21.9,12.0,23.6,21.8,12.6,12.0,54.0,48.0,54.0
20060915,500,21.7,12.0,22.3,21.4,12.2,11.8,55.0,52.0,54.0
20060915,600,21.0,12.2,21.8,21.0,12.2,11.9,57.0,54.0,57.0
20060915,700,20.4,11.8,21.0,20.2,12.2,11.7,59.0,57.0,58.0
20060915,800,20.0,11.5,20.4,19.9,11.8,11.5,59.0,57.0,58.0
20060915,900,19.3,11.5,20.0,19.3,11.6,11.3,61.0,58.0,61.0
20060915,1000,20.4,12.1,20.4,19.2,12.2,11.4,61.0,58.0,59.0
20060915,1100,22.5,12.9,22.5,20.4,13.1,12.0,60.0,54.0,55.0
20060915,1200,26.6,14.0,26.7,22.5,14.5,12.7,55.0,46.0,46.0
20060915,1300,29.6,14.6,29.6,26.6,14.6,13.3,47.0,40.0,40.0
20060915,1400,30.5,14.9,30.7,29.0,15.3,14.1,41.0,38.0,39.0
20060915,1500,31.8,14.7,31.9,30.5,16.1,14.4,40.0,35.0,36.0
20060915,1600,33.0,15.4,33.0,31.6,15.5,14.6,36.0,34.0,35.0
20060915,1700,32.8,14.8,33.6,32.4,15.9,14.7,35.0,33.0,34.0
20060915,1800,33.1,15.2,33.4,32.7,15.4,14.7,34.0,34.0,34.0
20060915,1900,32.8,15.1,33.5,32.8,15.7,15.0,35.0,34.0,35.0
20060915,2000,32.4,15.1,33.2,32.2,15.5,14.9,35.0,34.0,35.0
20060915,2100,31.1,14.8,32.4,31.1,15.1,14.7,37.0,35.0,37.0
20060915,2200,30.0,15.1,31.1,30.0,15.1,14.8,40.0,37.0,40.0
20060915,2300,29.6,14.7,30.0,29.1,15.2,14.5,43.0,40.0,40.0
20060916,0,20.0,18.2,29.6,20.0,18.4,14.7,89.0,40.0,89.0
20060916,100,18.5,17.5,20.0,18.2,18.2,17.3,95.0,89.0,94.0
20060916,200,18.4,17.4,18.9,18.2,17.5,17.3,95.0,91.0,94.0
20060916,300,18.2,16.9,18.4,18.0,17.4,16.9,95.0,92.0,92.0
20060916,400,19.0,16.6,19.1,18.2,16.9,16.6,92.0,85.0,86.0
20060916,500,18.9,16.2,19.0,18.8,16.6,16.2,87.0,84.0,84.0
20060916,600,18.2,16.4,18.9,18.2,16.4,16.1,89.0,84.0,89.0
20060916,700,17.8,16.1,18.2,17.8,16.4,16.1,91.0,89.0,90.0
20060916,800,18.0,16.2,18.0,17.8,16.2,16.1,90.0,89.0,89.0
20060916,900,17.6,15.9,18.1,17.6,16.2,15.8,90.0,87.0,90.0
20060916,1000,17.8,16.6,17.8,17.6,16.6,15.9,93.0,90.0,92.0
20060916,1100,17.2,17.2,17.8,17.0,17.2,16.6,100.0,92.0,100.0
20060916,1200,17.6,17.2,17.6,17.2,17.4,17.1,100.0,97.0,98.0
20060916,1300,18.0,17.2,18.3,17.6,17.4,17.1,98.0,94.0,95.0
20060916,1400,17.9,17.8,18.1,17.9,17.8,17.1,99.0,95.0,99.0
20060916,1500,18.5,18.2,18.5,17.9,18.5,17.7,100.0,98.0,98.0
20060916,1600,18.7,18.1,18.9,18.3,18.3,17.8,99.0,94.0,96.0
20060916,1700,19.4,18.0,19.6,18.7,18.6,18.0,97.0,91.0,92.0
20060916,1800,19.2,18.0,19.7,19.2,18.0,17.7,93.0,89.0,93.0
20060916,1900,17.7,17.1,19.2,17.6,17.9,17.1,97.0,92.0,96.0
20060916,2000,17.2,16.7,17.7,17.2,17.1,16.6,97.0,95.0,97.0
20060916,2100,15.5,15.5,17.1,15.5,16.7,15.5,100.0,97.0,100.0
20060916,2200,15.5,15.5,15.6,15.4,15.6,15.4,100.0,100.0,100.0
20060916,2300,15.3,15.3,15.5,15.2,15.5,15.2,100.0,100.0,100.0
20060917,0,14.7,14.7,15.3,14.7,15.3,14.7,100.0,99.0,100.0
20060917,100,14.6,14.6,14.7,14.5,14.7,14.5,100.0,100.0,100.0
20060917,200,14.4,14.4,14.6,14.3,14.6,14.4,100.0,100.0,100.0
20060917,300,14.0,15.32,14.5,13.9,15.7,14.96,78.88,73.78,76.42
20060917,400,14.0,15.32,14.0,13.9,15.7,14.96,78.88,73.78,76.42
20060917,500,14.2,15.32,14.2,13.9,15.7,14.96,78.88,73.78,76.42
20060917,600,14.3,15.32,14.4,14.1,15.7,14.96,78.88,73.78,76.42
20060917,700,14.2,15.32,14.3,14.2,15.7,14.96,78.88,73.78,76.42
20060917,800,14.3,15.32,14.4,14.2,15.7,14.96,78.88,73.78,76.42
20060917,900,14.4,15.32,14.4,14.3,15.7,14.96,78.88,73.78,76.42
20060917,1000,14.7,15.32,14.7,14.3,15.7,14.96,78.88,73.78,76.42
20060917,1100,15.4,15.4,15.5,14.7,15.5,14.7,100.0,100.0,100.0
20060917,1200,16.9,16.1,16.9,15.4,16.4,15.4,100.0,95.0,95.0
20060917,1300,18.4,16.7,18.4,16.8,16.8,15.8,96.0,90.0,90.0
20060917,1400,19.8,17.2,19.9,18.3,17.7,16.5,91.0,84.0,85.0
20060917,1500,20.6,17.5,20.8,19.2,17.8,17.0,88.0,81.0,83.0
20060917,1600,20.2,17.2,21.1,19.9,17.7,17.1,85.0,80.0,83.0
20060917,1700,22.2,17.9,22.2,20.0,18.0,17.0,84.0,75.0,77.0
20060917,1800,20.0,17.3,22.5,20.0,18.1,17.3,85.0,75.0,84.0
20060917,1900,18.6,17.0,20.0,18.6,17.4,17.0,91.0,84.0,90.0
20060917,2000,17.3,16.6,18.7,17.3,17.1,16.6,96.0,90.0,96.0
20060917,2100,16.4,16.1,17.3,16.4,16.6,16.1,99.0,95.0,98.0
20060917,2200,15.7,15.6,16.4,15.7,16.1,15.6,100.0,98.0,100.0
20060917,2300,16.4,15.6,16.4,15.7,15.7,15.5,100.0,95.0,95.0
20060918,0,16.2,15.6,16.5,16.2,15.7,15.5,97.0,95.0,96.0
20060918,100,16.2,15.8,16.2,16.1,15.8,15.6,98.0,96.0,97.0
20060918,200,16.0,16.0,16.3,16.0,16.1,15.8,100.0,97.0,100.0
20060918,300,15.6,15.32,16.0,15.6,15.7,14.96,78.88,73.78,76.42
20060918,400,15.9,15.32,15.9,15.6,15.7,14.96,78.88,73.78,76.42
20060918,500,16.2,16.2,16.2,15.9,16.2,16.0,100.0,100.0,100.0
20060918,600,16.3,16.3,16.4,16.2,16.4,16.2,100.0,100.0,100.0
20060918,700,15.7,15.32,16.3,15.6,15.7,14.96,78.88,73.78,76.42
20060918,800,15.9,15.32,15.9,15.7,15.7,14.96,78.88,73.78,76.42
20060918,900,15.8,15.32,15.9,15.7,15.7,14.96,78.88,73.78,76.42
20060918,1000,16.0,15.32,16.0,15.7,15.7,14.96,78.88,73.78,76.42
20060918,1100,16.6,16.6,16.6,16.0,15.7,14.96,78.88,73.78,100.0
20060918,1200,18.5,17.3,19.0,16.6,18.0,16.7,100.0,91.0,92.0
20060918,1300,18.8,17.4,18.9,18.5,17.6,17.1,94.0,90.0,91.0
20060918,1400,20.3,16.9,20.4,18.8,17.6,16.7,91.0,80.0,81.0
20060918,1500,21.5,17.3,22.1,20.3,17.5,16.6,82.0,73.0,77.0
20060918,1600,22.2,16.9,22.4,21.4,17.6,16.4,79.0,70.0,72.0
20060918,1700,21.7,17.1,22.4,21.6,17.3,16.4,76.0,70.0,75.0
20060918,1800,20.5,17.1,21.8,20.5,17.6,16.8,81.0,75.0,80.0
20060918,1900,19.7,16.6,21.0,19.4,17.3,16.6,84.0,78.0,82.0
20060918,2000,18.3,16.4,19.7,18.3,16.7,16.3,89.0,82.0,89.0
20060918,2100,17.1,15.5,18.4,17.1,16.4,15.5,92.0,88.0,90.0
20060918,2200,16.4,15.1,17.2,16.3,15.8,15.0,93.0,90.0,92.0
20060918,2300,16.2,15.0,16.4,16.1,15.1,14.7,93.0,90.0,93.0
20060919,0,16.1,14.9,16.3,16.1,15.2,14.9,94.0,92.0,93.0
20060919,100,15.5,14.5,16.1,15.5,14.9,14.5,94.0,92.0,94.0
20060919,200,15.4,14.3,15.5,15.3,14.6,14.2,95.0,93.0,93.0
20060919,300,15.5,14.7,15.7,15.4,14.7,14.3,95.0,93.0,95.0
20060919,400,15.2,14.6,15.5,14.7,15.0,14.6,100.0,95.0,96.0
20060919,500,15.4,14.6,15.6,15.2,14.7,14.5,96.0,94.0,95.0
20060919,600,15.4,14.3,15.4,15.3,14.7,14.3,96.0,93.0,93.0
20060919,700,15.4,14.4,15.5,15.4,14.6,14.3,94.0,93.0,94.0
20060919,800,15.2,14.4,15.4,15.2,14.5,14.3,95.0,94.0,95.0
20060919,900,14.9,14.4,15.2,14.9,14.6,14.4,97.0,95.0,97.0
20060919,1000,15.4,14.8,15.4,14.8,14.8,14.3,97.0,95.0,96.0
20060919,1100,16.2,15.0,16.3,15.4,15.1,14.7,96.0,92.0,93.0
20060919,1200,17.2,15.1,17.3,16.2,15.2,14.9,93.0,87.0,88.0
20060919,1300,18.3,15.6,18.6,17.2,15.8,15.1,88.0,82.0,84.0
20060919,1400,20.5,14.5,20.8,18.3,15.6,14.5,84.0,68.0,69.0
20060919,1500,21.9,12.8,22.0,20.4,15.3,12.8,70.0,56.0,56.0
20060919,1600,22.8,14.0,23.2,21.9,15.1,13.1,62.0,56.0,58.0
20060919,1700,24.7,14.5,24.7,22.6,14.9,13.2,59.0,52.0,53.0
20060919,1800,21.6,17.0,24.7,21.6,17.5,13.8,75.0,52.0,75.0
20060919,1900,20.4,16.8,22.1,20.4,17.2,16.6,80.0,73.0,79.0
20060919,2000,19.3,16.4,20.6,19.2,16.9,16.4,84.0,79.0,83.0
20060919,2100,18.2,16.3,19.3,18.2,16.5,16.2,89.0,83.0,89.0
20060919,2200,17.9,16.0,18.4,17.9,16.4,16.0,89.0,87.0,89.0
20060919,2300,17.5,15.8,17.9,17.5,16.1,15.8,90.0,88.0,89.0
20060920,0,17.0,15.8,17.5,17.0,15.8,15.5,92.0,89.0,92.0
20060920,100,17.1,16.0,17.2,17.0,16.1,15.8,94.0,92.0,93.0
20060920,200,17.2,16.1,17.2,17.0,16.1,16.0,94.0,93.0,93.0
20060920,300,16.9,15.9,17.2,16.8,16.1,15.8,94.0,93.0,94.0
20060920,400,16.9,16.1,16.9,16.8,16.1,15.9,95.0,94.0,95.0
20060920,500,16.8,16.3,16.9,16.8,16.3,16.1,97.0,95.0,97.0
20060920,600,17.0,16.4,17.0,16.8,16.4,16.3,97.0,96.0,96.0
20060920,700,16.9,16.4,17.0,16.8,16.4,16.4,97.0,96.0,97.0
20060920,800,16.8,16.5,16.9,16.8,16.5,16.4,98.0,97.0,98.0
20060920,900,16.8,16.5,16.9,16.8,16.5,16.5,98.0,98.0,98.0
20060920,1000,17.0,16.5,17.0,16.7,16.5,16.4,98.0,97.0,97.0
20060920,1100,17.7,16.7,17.8,17.0,16.8,16.5,97.0,93.0,93.0
20060920,1200,19.1,17.1,19.3,17.7,17.3,16.7,94.0,87.0,88.0
20060920,1300,22.0,18.1,22.0,19.2,18.2,17.2,88.0,78.0,79.0
20060920,1400,25.0,18.6,25.0,22.0,19.2,17.9,79.0,67.0,68.0
20060920,1500,25.4,19.0,25.7,24.6,19.4,18.4,70.0,66.0,68.0
20060920,1600,25.6,19.4,25.6,25.4,19.4,18.8,69.0,67.0,69.0
20060920,1700,21.8,19.7,25.7,21.8,19.9,18.7,88.0,67.0,88.0
20060920,1800,18.3,15.32,21.8,18.3,20.2,18.3,100.0,88.0,76.42
20060920,1900,18.0,18.0,18.3,18.0,18.2,17.9,100.0,99.0,100.0
20060920,2000,18.0,18.0,18.0,17.7,18.0,17.6,100.0,99.0,100.0
20060920,2100,18.1,18.1,18.3,18.0,18.3,18.0,100.0,100.0,100.0
20060920,2200,18.3,18.3,18.3,18.1,18.3,18.1,100.0,100.0,100.0
20060920,2300,18.6,18.1,18.6,18.2,18.3,18.0,100.0,97.0,97.0
20060921,0,19.1,18.1,19.1,18.5,18.2,18.1,98.0,94.0,94.0
20060921,100,19.3,18.0,19.4,18.9,18.1,18.0,95.0,92.0,92.0
20060921,200,19.5,18.1,19.6,19.3,18.1,18.0,93.0,91.0,91.0
20060921,300,19.4,18.0,19.6,19.4,18.1,17.9,92.0,91.0,91.0
20060921,400,19.3,18.2,19.5,19.3,18.2,18.0,93.0,91.0,93.0
20060921,500,19.0,18.2,19.3,19.0,18.2,18.2,95.0,93.0,95.0
20060921,600,18.9,18.0,19.0,18.7,18.1,18.0,96.0,94.0,95.0
20060921,700,18.6,17.6,18.9,18.6,18.3,17.6,97.0,94.0,94.0
20060921,800,18.1,16.6,18.6,18.1,17.6,16.6,94.0,91.0,91.0
20060921,900,17.7,15.9,18.2,17.6,16.6,15.9,91.0,89.0,89.0
20060921,1000,17.3,15.2,17.7,17.3,15.9,15.2,90.0,87.0,88.0
20060921,1100,17.9,15.6,17.9,17.3,15.7,15.2,88.0,87.0,87.0
20060921,1200,18.8,16.0,19.1,17.9,16.2,15.6,87.0,82.0,84.0
20060921,1300,19.1,15.6,19.3,18.7,16.1,15.4,84.0,80.0,80.0
20060921,1400,20.8,15.9,20.8,19.1,16.1,15.3,81.0,74.0,74.0
20060921,1500,21.4,15.7,21.9,20.5,16.0,15.2,74.0,67.0,70.0
20060921,1600,22.4,16.3,22.8,21.3,16.8,15.8,72.0,67.0,68.0
20060921,1700,22.6,16.8,22.6,21.9,16.8,16.0,71.0,68.0,69.0
20060921,1800,22.6,16.9,22.7,22.2,17.0,16.5,71.0,69.0,70.0
20060921,1900,23.1,16.7,23.7,22.4,17.3,16.5,71.0,66.0,67.0
20060921,2000,23.2,16.2,23.9,22.9,17.1,15.7,69.0,62.0,65.0
20060921,2100,18.6,16.6,23.3,18.6,17.2,16.2,88.0,65.0,88.0
20060921,2200,17.4,15.9,18.6,17.4,16.6,15.9,91.0,88.0,91.0
20060921,2300,16.7,14.9,17.4,16.7,15.8,14.9,91.0,89.0,89.0
